adrg	node_id	node_type	evidence_kind	fragment_class	text	match_type	pages	blocks_shadow
9600	AST_9600_N002	TEXT_CONDITION	LEAF_SOURCE_FRAGMENT	RAW_SOURCE_EVIDENCE	Died within two days of admission	EXACT_PAGE	84	False
9600	AST_9600_N004	TEXT_CONDITION	REFERENCE_RAW_ATOM	RAW_SOURCE_EVIDENCE	OR procedure	EXACT_PAGE	84	False
9600	AST_9600_N006	TEXT_CONDITION	LEAF_SOURCE_FRAGMENT	RAW_SOURCE_EVIDENCE	neonate	EXACT_PAGE	84	False
9600	AST_9600_N001	AND	STRUCTURAL_SOURCE_FRAGMENT	STRUCTURAL_AST_FRAGMENT	Died within two days of admission without OR procedure(except neonate)	EXACT_PAGE	84	False
9600	AST_9600_N003	NOT	STRUCTURAL_SOURCE_FRAGMENT	STRUCTURAL_AST_FRAGMENT	without OR procedure	EXACT_PAGE	84	False
9600	AST_9600_N005	NOT	STRUCTURAL_SOURCE_FRAGMENT	STRUCTURAL_AST_FRAGMENT	except neonate	EXACT_PAGE	84	False
9620	AST_9620_N002	TABLE_REF	REFERENCE_RAW_ATOM	RAW_SOURCE_EVIDENCE	주진단명 table1	EXACT_PAGE	912	False
9620	AST_9620_N003	TABLE_REF	REFERENCE_RAW_ATOM	RAW_SOURCE_EVIDENCE	시술명 table2	EXACT_PAGE	912	False
9620	AST_9620_N001	EXCLUSION	STRUCTURAL_SOURCE_FRAGMENT	STRUCTURAL_AST_FRAGMENT	주진단명 table1 without 시술명 table2	EXACT_PAGE	937	False
9630	AST_9630_N003	TEXT_CONDITION	LEAF_SOURCE_FRAGMENT	RAW_SOURCE_EVIDENCE	MDC 15의 주진단명	EXACT_PAGE	84	False
9630	AST_9630_N005	TEXT_CONDITION	LEAF_SOURCE_FRAGMENT	RAW_SOURCE_EVIDENCE	age > 27 days	EXACT_PAGE	84	False
9630	AST_9630_N006	TEXT_CONDITION	LEAF_SOURCE_FRAGMENT	RAW_SOURCE_EVIDENCE	age < 366 days	EXACT_PAGE	84	False
9630	AST_9630_N007	TEXT_CONDITION	LEAF_SOURCE_FRAGMENT	RAW_SOURCE_EVIDENCE	입원시 체중 ≥2500g	EXACT_PAGE	84	False
9630	AST_9630_N009	TEXT_CONDITION	LEAF_SOURCE_FRAGMENT	RAW_SOURCE_EVIDENCE	MDC 15의 주진단명	EXACT_PAGE	84	False
9630	AST_9630_N010	TEXT_CONDITION	LEAF_SOURCE_FRAGMENT	RAW_SOURCE_EVIDENCE	age > 0 year	EXACT_PAGE	84	False
9630	AST_9630_N001	OR	STRUCTURAL_SOURCE_FRAGMENT	STRUCTURAL_AST_FRAGMENT	MDC 15의 주진단명 and (age > 27 days and age < 366 days) and 입원시 체중 ≥2500g or MDC 15의 주진단명 and age > 0 year	EXACT_PAGE	84	False
9630	AST_9630_N002	AND	STRUCTURAL_SOURCE_FRAGMENT	STRUCTURAL_AST_FRAGMENT	MDC 15의 주진단명 and (age > 27 days and age < 366 days) and 입원시 체중 ≥2500g	EXACT_PAGE	84	False
9630	AST_9630_N004	AND	STRUCTURAL_SOURCE_FRAGMENT	STRUCTURAL_AST_FRAGMENT	age > 27 days and age < 366 days	EXACT_PAGE	84	False
9630	AST_9630_N008	AND	STRUCTURAL_SOURCE_FRAGMENT	STRUCTURAL_AST_FRAGMENT	MDC 15의 주진단명 and age > 0 year	EXACT_PAGE	84	False
A080	AST_A080_N002	TABLE_REF	REFERENCE_RAW_ATOM	RAW_SOURCE_EVIDENCE	시술명 table1	EXACT_PAGE	75	False
A080	AST_A080_N003	TABLE_REF	REFERENCE_RAW_ATOM	RAW_SOURCE_EVIDENCE	시술명 table2	EXACT_PAGE	75	False
A080	AST_A080_N001	EXCLUSION	STRUCTURAL_SOURCE_FRAGMENT	STRUCTURAL_AST_FRAGMENT	시술명 table1 without 시술명 table2	EXACT_PAGE	75	False
A091	AST_A091_N002	TABLE_REF	REFERENCE_RAW_ATOM	RAW_SOURCE_EVIDENCE	주진단명 table1	EXACT_PAGE	77	False
A091	AST_A091_N003	TABLE_REF	REFERENCE_RAW_ATOM	RAW_SOURCE_EVIDENCE	시술명 table2	EXACT_PAGE	75	False
A091	AST_A091_N004	TABLE_REF	REFERENCE_RAW_ATOM	RAW_SOURCE_EVIDENCE	시술명 table3	EXACT_PAGE	77	False
A091	AST_A091_N005	TEXT_CONDITION	LEAF_SOURCE_FRAGMENT	RAW_SOURCE_EVIDENCE	인공호흡 ≥96 hours	EXACT_PAGE	77	False
A091	AST_A091_N001	AND	STRUCTURAL_SOURCE_FRAGMENT	STRUCTURAL_AST_FRAGMENT	주진단명 table1 and 시술명 table2 and 시술명 table3 and 인공호흡 ≥96 hours	EXACT_PAGE	77	False
A092	AST_A092_N002	TABLE_REF	REFERENCE_RAW_ATOM	RAW_SOURCE_EVIDENCE	주진단명 table1	EXACT_PAGE	77	False
A092	AST_A092_N003	TABLE_REF	REFERENCE_RAW_ATOM	RAW_SOURCE_EVIDENCE	시술명 table2	EXACT_PAGE	75	False
A092	AST_A092_N004	TABLE_REF	REFERENCE_RAW_ATOM	RAW_SOURCE_EVIDENCE	시술명 table3	EXACT_PAGE	77	False
A092	AST_A092_N006	TEXT_CONDITION	LEAF_SOURCE_FRAGMENT	RAW_SOURCE_EVIDENCE	인공호흡 ≥96 hours	EXACT_PAGE	77	False
A092	AST_A092_N001	AND	STRUCTURAL_SOURCE_FRAGMENT	STRUCTURAL_AST_FRAGMENT	주진단명 table1 and 시술명 table2 and 시술명 table3 and not(인공호흡 ≥96 hours)	EXACT_PAGE	77	False
A092	AST_A092_N005	NOT	STRUCTURAL_SOURCE_FRAGMENT	STRUCTURAL_AST_FRAGMENT	not(인공호흡 ≥96 hours)	EXACT_PAGE	77	False
A093	AST_A093_N002	TABLE_REF	REFERENCE_RAW_ATOM	RAW_SOURCE_EVIDENCE	주진단명 table1	EXACT_PAGE	77	False
A093	AST_A093_N003	TABLE_REF	REFERENCE_RAW_ATOM	RAW_SOURCE_EVIDENCE	시술명 table2	EXACT_PAGE	75	False
A093	AST_A093_N001	AND	STRUCTURAL_SOURCE_FRAGMENT	STRUCTURAL_AST_FRAGMENT	주진단명 table1 and 시술명 table2	EXACT_PAGE	77	False
A094	AST_A094_N002	TABLE_REF	REFERENCE_RAW_ATOM	RAW_SOURCE_EVIDENCE	시술명 table2	EXACT_PAGE	75	False
A094	AST_A094_N003	TABLE_REF	REFERENCE_RAW_ATOM	RAW_SOURCE_EVIDENCE	시술명 table3	EXACT_PAGE	77	False
A094	AST_A094_N004	TEXT_CONDITION	LEAF_SOURCE_FRAGMENT	RAW_SOURCE_EVIDENCE	인공호흡 ≥96 hours	EXACT_PAGE	77	False
A094	AST_A094_N001	AND	STRUCTURAL_SOURCE_FRAGMENT	STRUCTURAL_AST_FRAGMENT	시술명 table2 and 시술명 table3 and 인공호흡 ≥96 hours	EXACT_PAGE	77	False
A095	AST_A095_N002	TABLE_REF	REFERENCE_RAW_ATOM	RAW_SOURCE_EVIDENCE	시술명 table2	EXACT_PAGE	76	False
A095	AST_A095_N003	TABLE_REF	REFERENCE_RAW_ATOM	RAW_SOURCE_EVIDENCE	시술명 table3	EXACT_PAGE	77	False
A095	AST_A095_N005	TEXT_CONDITION	LEAF_SOURCE_FRAGMENT	RAW_SOURCE_EVIDENCE	인공호흡 ≥96 hours	EXACT_PAGE	77	False
A095	AST_A095_N001	AND	STRUCTURAL_SOURCE_FRAGMENT	STRUCTURAL_AST_FRAGMENT	시술명 table2 and 시술명 table3 and not(인공호흡 ≥96 hours)	EXACT_PAGE	77	False
A095	AST_A095_N004	NOT	STRUCTURAL_SOURCE_FRAGMENT	STRUCTURAL_AST_FRAGMENT	not(인공호흡 ≥96 hours)	EXACT_PAGE	77	False
B011	AST_B011_N002	TABLE_REF	REFERENCE_RAW_ATOM	RAW_SOURCE_EVIDENCE	주진단명 또는 기타진단명 table1	EXACT_PAGE	110	False
B011	AST_B011_N003	TABLE_REF	REFERENCE_RAW_ATOM	RAW_SOURCE_EVIDENCE	시술명 table2	EXACT_PAGE	84	False
B011	AST_B011_N001	AND	STRUCTURAL_SOURCE_FRAGMENT	STRUCTURAL_AST_FRAGMENT	주진단명 또는 기타진단명 table1 and 시술명 table2	EXACT_PAGE	110	False
B012	AST_B012_N002	TABLE_REF	REFERENCE_RAW_ATOM	RAW_SOURCE_EVIDENCE	주진단명 또는 기타진단명 table1	EXACT_PAGE	110	False
B012	AST_B012_N003	TABLE_REF	REFERENCE_RAW_ATOM	RAW_SOURCE_EVIDENCE	시술명 table3	EXACT_PAGE	84	False
B012	AST_B012_N001	AND	STRUCTURAL_SOURCE_FRAGMENT	STRUCTURAL_AST_FRAGMENT	주진단명 또는 기타진단명 table1 and 시술명 table3	EXACT_PAGE	110	False
B015	AST_B015_N002	TABLE_REF	REFERENCE_RAW_ATOM	RAW_SOURCE_EVIDENCE	주진단명 또는 기타진단명 table1	EXACT_PAGE	110	False
B015	AST_B015_N003	TABLE_REF	REFERENCE_RAW_ATOM	RAW_SOURCE_EVIDENCE	시술명 table4	EXACT_PAGE	110	False
B015	AST_B015_N001	AND	STRUCTURAL_SOURCE_FRAGMENT	STRUCTURAL_AST_FRAGMENT	주진단명 또는 기타진단명 table1 and 시술명 table4	EXACT_PAGE	110	False
B017	AST_B017_N002	TABLE_REF	REFERENCE_RAW_ATOM	RAW_SOURCE_EVIDENCE	주진단명 또는 기타진단명 table1	EXACT_PAGE	110	False
B017	AST_B017_N004	TABLE_REF	REFERENCE_RAW_ATOM	RAW_SOURCE_EVIDENCE	시술명 table2	EXACT_PAGE	84	False
B017	AST_B017_N005	TABLE_REF	REFERENCE_RAW_ATOM	RAW_SOURCE_EVIDENCE	시술명 table3	EXACT_PAGE	84	False
B017	AST_B017_N006	TABLE_REF	REFERENCE_RAW_ATOM	RAW_SOURCE_EVIDENCE	시술명 table5	EXACT_PAGE	110	False
B017	AST_B017_N001	AND	STRUCTURAL_SOURCE_FRAGMENT	STRUCTURAL_AST_FRAGMENT	주진단명 또는 기타진단명 table1 and (시술명 table2 or 시술명 table3) and 시술명 table5	EXACT_PAGE	110	False
B017	AST_B017_N003	OR	STRUCTURAL_SOURCE_FRAGMENT	STRUCTURAL_AST_FRAGMENT	시술명 table2 or 시술명 table3	EXACT_PAGE	110	False
B018	AST_B018_N002	TABLE_REF	REFERENCE_RAW_ATOM	RAW_SOURCE_EVIDENCE	주진단명 또는 기타진단명 table1	EXACT_PAGE	110	False
B018	AST_B018_N003	TABLE_REF	REFERENCE_RAW_ATOM	RAW_SOURCE_EVIDENCE	시술명 table4	EXACT_PAGE	110	False
B018	AST_B018_N004	TABLE_REF	REFERENCE_RAW_ATOM	RAW_SOURCE_EVIDENCE	시술명 table5	EXACT_PAGE	110	False
B018	AST_B018_N001	AND	STRUCTURAL_SOURCE_FRAGMENT	STRUCTURAL_AST_FRAGMENT	주진단명 또는 기타진단명 table1 and 시술명 table4 and 시술명 table5	EXACT_PAGE	110	False
B021	AST_B021_N002	TABLE_REF	REFERENCE_RAW_ATOM	RAW_SOURCE_EVIDENCE	주진단명 또는 기타진단명 table1	EXACT_PAGE	110	False
B021	AST_B021_N003	TABLE_REF	REFERENCE_RAW_ATOM	RAW_SOURCE_EVIDENCE	시술명 table2	EXACT_PAGE	84	False
B021	AST_B021_N001	AND	STRUCTURAL_SOURCE_FRAGMENT	STRUCTURAL_AST_FRAGMENT	주진단명 또는 기타진단명 table1 and 시술명 table2	EXACT_PAGE	110	False
B023	AST_B023_N002	TABLE_REF	REFERENCE_RAW_ATOM	RAW_SOURCE_EVIDENCE	주진단명 또는 기타진단명 table1	EXACT_PAGE	110	False
B023	AST_B023_N003	TABLE_REF	REFERENCE_RAW_ATOM	RAW_SOURCE_EVIDENCE	시술명 table3	EXACT_PAGE	84	False
B023	AST_B023_N001	AND	STRUCTURAL_SOURCE_FRAGMENT	STRUCTURAL_AST_FRAGMENT	주진단명 또는 기타진단명 table1 and 시술명 table3	EXACT_PAGE	110	False
B025	AST_B025_N002	TABLE_REF	REFERENCE_RAW_ATOM	RAW_SOURCE_EVIDENCE	시술명 table1	EXACT_PAGE	114	False
B025	AST_B025_N003	TABLE_REF	REFERENCE_RAW_ATOM	RAW_SOURCE_EVIDENCE	시술명 table2	EXACT_PAGE	112	False
B025	AST_B025_N001	AND	STRUCTURAL_SOURCE_FRAGMENT	STRUCTURAL_AST_FRAGMENT	시술명 table1 and 시술명 table2	EXACT_PAGE	114	False
B031	AST_B031_N002	TABLE_REF	REFERENCE_RAW_ATOM	RAW_SOURCE_EVIDENCE	시술명 table2	EXACT_PAGE	114	False
B031	AST_B031_N003	TABLE_REF	REFERENCE_RAW_ATOM	RAW_SOURCE_EVIDENCE	주진단명 table1	EXACT_PAGE	115	False
B031	AST_B031_N001	EXCLUSION	STRUCTURAL_SOURCE_FRAGMENT	STRUCTURAL_AST_FRAGMENT	시술명 table2 without 주진단명 table1	EXACT_PAGE	115	False
B032	AST_B032_N002	TABLE_REF	REFERENCE_RAW_ATOM	RAW_SOURCE_EVIDENCE	시술명 table3	EXACT_PAGE	113	False
B032	AST_B032_N003	TABLE_REF	REFERENCE_RAW_ATOM	RAW_SOURCE_EVIDENCE	주진단명 table1	EXACT_PAGE	115	False
B032	AST_B032_N001	EXCLUSION	STRUCTURAL_SOURCE_FRAGMENT	STRUCTURAL_AST_FRAGMENT	시술명 table3 without 주진단명 table1	EXACT_PAGE	115	False
B033	AST_B033_N002	TABLE_REF	REFERENCE_RAW_ATOM	RAW_SOURCE_EVIDENCE	시술명 table4	EXACT_PAGE	115	False
B033	AST_B033_N003	TABLE_REF	REFERENCE_RAW_ATOM	RAW_SOURCE_EVIDENCE	주진단명 table1	EXACT_PAGE	115	False
B033	AST_B033_N001	EXCLUSION	STRUCTURAL_SOURCE_FRAGMENT	STRUCTURAL_AST_FRAGMENT	시술명 table4 without 주진단명 table1	EXACT_PAGE	115	False
B041	AST_B041_N002	TABLE_REF	REFERENCE_RAW_ATOM	RAW_SOURCE_EVIDENCE	주진단명 또는 기타진단명 table1	EXACT_PAGE	116	False
B041	AST_B041_N003	TABLE_REF	REFERENCE_RAW_ATOM	RAW_SOURCE_EVIDENCE	시술명 table2	EXACT_PAGE	114	False
B041	AST_B041_N001	AND	STRUCTURAL_SOURCE_FRAGMENT	STRUCTURAL_AST_FRAGMENT	주진단명 또는 기타진단명 table1 and 시술명 table2	EXACT_PAGE	116	False
B091	AST_B091_N003	TABLE_REF	REFERENCE_RAW_ATOM	RAW_SOURCE_EVIDENCE	주진단명 table1	EXACT_PAGE	121	False
B091	AST_B091_N004	TABLE_REF	REFERENCE_RAW_ATOM	RAW_SOURCE_EVIDENCE	시술명 table2	EXACT_PAGE	121	False
B091	AST_B091_N005	TABLE_REF	REFERENCE_RAW_ATOM	RAW_SOURCE_EVIDENCE	시술명 table2	EXACT_PAGE	121	False
B091	AST_B091_N001	OR	STRUCTURAL_SOURCE_FRAGMENT	STRUCTURAL_AST_FRAGMENT	(주진단명 table1 and 시술명 table2) or 시술명 table2	EXACT_PAGE	121	False
B091	AST_B091_N002	AND	STRUCTURAL_SOURCE_FRAGMENT	STRUCTURAL_AST_FRAGMENT	주진단명 table1 and 시술명 table2	EXACT_PAGE	121	False
B092	AST_B092_N002	TABLE_REF	REFERENCE_RAW_ATOM	RAW_SOURCE_EVIDENCE	주진단명 table3	EXACT_PAGE	122	False
B092	AST_B092_N003	TABLE_REF	REFERENCE_RAW_ATOM	RAW_SOURCE_EVIDENCE	시술명 table4	EXACT_PAGE	122	False
B092	AST_B092_N001	AND	STRUCTURAL_SOURCE_FRAGMENT	STRUCTURAL_AST_FRAGMENT	주진단명 table3 and 시술명 table4	EXACT_PAGE	122	False
B093	AST_B093_N002	TABLE_REF	REFERENCE_RAW_ATOM	RAW_SOURCE_EVIDENCE	주진단명 table5	EXACT_PAGE	122	False
B093	AST_B093_N003	TABLE_REF	REFERENCE_RAW_ATOM	RAW_SOURCE_EVIDENCE	시술명 table7	EXACT_PAGE	122	False
B093	AST_B093_N001	AND	STRUCTURAL_SOURCE_FRAGMENT	STRUCTURAL_AST_FRAGMENT	주진단명 table5 and 시술명 table7	EXACT_PAGE	122	False
B094	AST_B094_N002	TABLE_REF	REFERENCE_RAW_ATOM	RAW_SOURCE_EVIDENCE	주진단명 table6	EXACT_PAGE	122	False
B094	AST_B094_N003	TABLE_REF	REFERENCE_RAW_ATOM	RAW_SOURCE_EVIDENCE	시술명 table7	EXACT_PAGE	122	False
B094	AST_B094_N001	AND	STRUCTURAL_SOURCE_FRAGMENT	STRUCTURAL_AST_FRAGMENT	주진단명 table6 and 시술명 table7	EXACT_PAGE	122	False
B121	AST_B121_N002	TABLE_REF	REFERENCE_RAW_ATOM	RAW_SOURCE_EVIDENCE	주진단명 table1	EXACT_PAGE	124	False
B121	AST_B121_N003	TABLE_REF	REFERENCE_RAW_ATOM	RAW_SOURCE_EVIDENCE	시술명 table2	EXACT_PAGE	124	False
B121	AST_B121_N001	AND	STRUCTURAL_SOURCE_FRAGMENT	STRUCTURAL_AST_FRAGMENT	주진단명 table1 and 시술명 table2	EXACT_PAGE	124	False
B122	AST_B122_N002	TABLE_REF	REFERENCE_RAW_ATOM	RAW_SOURCE_EVIDENCE	주진단명 table1	EXACT_PAGE	124	False
B122	AST_B122_N003	TABLE_REF	REFERENCE_RAW_ATOM	RAW_SOURCE_EVIDENCE	시술명 table2	EXACT_PAGE	124	False
B122	AST_B122_N001	AND	STRUCTURAL_SOURCE_FRAGMENT	STRUCTURAL_AST_FRAGMENT	주진단명 table1 and 시술명 table2	EXACT_PAGE	124	False
B123	AST_B123_N002	TABLE_REF	REFERENCE_RAW_ATOM	RAW_SOURCE_EVIDENCE	주진단명 table1	EXACT_PAGE	124	False
B123	AST_B123_N003	TABLE_REF	REFERENCE_RAW_ATOM	RAW_SOURCE_EVIDENCE	시술명 table2	EXACT_PAGE	124	False
B123	AST_B123_N001	AND	STRUCTURAL_SOURCE_FRAGMENT	STRUCTURAL_AST_FRAGMENT	주진단명 table1 and 시술명 table2	EXACT_PAGE	124	False
B124	AST_B124_N002	TABLE_REF	REFERENCE_RAW_ATOM	RAW_SOURCE_EVIDENCE	주진단명 table1	EXACT_PAGE	124	False
B124	AST_B124_N003	TABLE_REF	REFERENCE_RAW_ATOM	RAW_SOURCE_EVIDENCE	시술명 table2	EXACT_PAGE	124	False
B124	AST_B124_N001	AND	STRUCTURAL_SOURCE_FRAGMENT	STRUCTURAL_AST_FRAGMENT	주진단명 table1 and 시술명 table2	EXACT_PAGE	124	False
B125	AST_B125_N002	TABLE_REF	REFERENCE_RAW_ATOM	RAW_SOURCE_EVIDENCE	주진단명 table1	EXACT_PAGE	124	False
B125	AST_B125_N003	TABLE_REF	REFERENCE_RAW_ATOM	RAW_SOURCE_EVIDENCE	시술명 table2	EXACT_PAGE	124	False
B125	AST_B125_N001	AND	STRUCTURAL_SOURCE_FRAGMENT	STRUCTURAL_AST_FRAGMENT	주진단명 table1 and 시술명 table2	EXACT_PAGE	124	False
B152	AST_B152_N002	TABLE_REF	REFERENCE_RAW_ATOM	RAW_SOURCE_EVIDENCE	주진단명 또는 기타진단명 table1	EXACT_PAGE	128	False
B152	AST_B152_N003	TABLE_REF	REFERENCE_RAW_ATOM	RAW_SOURCE_EVIDENCE	시술명 table3	EXACT_PAGE	128	False
B152	AST_B152_N001	AND	STRUCTURAL_SOURCE_FRAGMENT	STRUCTURAL_AST_FRAGMENT	주진단명 또는 기타진단명 table1 and 시술명 table3	EXACT_PAGE	128	False
B154	AST_B154_N003	TABLE_REF	REFERENCE_RAW_ATOM	RAW_SOURCE_EVIDENCE	시술명 table2	EXACT_PAGE	126	False
B154	AST_B154_N004	TABLE_REF	REFERENCE_RAW_ATOM	RAW_SOURCE_EVIDENCE	시술명 table3	EXACT_PAGE	128	False
B154	AST_B154_N005	TABLE_REF	REFERENCE_RAW_ATOM	RAW_SOURCE_EVIDENCE	시술명 table4	EXACT_PAGE	128	False
B154	AST_B154_N001	AND	STRUCTURAL_SOURCE_FRAGMENT	STRUCTURAL_AST_FRAGMENT	(시술명 table2 or 시술명 table3) and 시술명 table4	EXACT_PAGE	128	False
B154	AST_B154_N002	OR	STRUCTURAL_SOURCE_FRAGMENT	STRUCTURAL_AST_FRAGMENT	시술명 table2 or 시술명 table3	EXACT_PAGE	128	False
B161	AST_B161_N002	TABLE_REF	REFERENCE_RAW_ATOM	RAW_SOURCE_EVIDENCE	시술명 table1	EXACT_PAGE	130	False
B161	AST_B161_N003	TEXT_CONDITION	LEAF_SOURCE_FRAGMENT	RAW_SOURCE_EVIDENCE	연령 ≤18	EXACT_PAGE	130	False
B161	AST_B161_N001	AND	STRUCTURAL_SOURCE_FRAGMENT	STRUCTURAL_AST_FRAGMENT	시술명 table1 and 연령 ≤18	EXACT_PAGE	130	False
B162	AST_B162_N002	TABLE_REF	REFERENCE_RAW_ATOM	RAW_SOURCE_EVIDENCE	시술명 table1	EXACT_PAGE	130	False
B162	AST_B162_N003	TABLE_REF	REFERENCE_RAW_ATOM	RAW_SOURCE_EVIDENCE	시술명 table2	EXACT_PAGE	128	False
B162	AST_B162_N004	TEXT_CONDITION	LEAF_SOURCE_FRAGMENT	RAW_SOURCE_EVIDENCE	연령>18	EXACT_PAGE	130	False
B162	AST_B162_N001	AND	STRUCTURAL_SOURCE_FRAGMENT	STRUCTURAL_AST_FRAGMENT	시술명 table1 and 시술명 table2 and 연령>18	EXACT_PAGE	130	False
B163	AST_B163_N002	TABLE_REF	REFERENCE_RAW_ATOM	RAW_SOURCE_EVIDENCE	시술명 table1	EXACT_PAGE	130	False
B163	AST_B163_N003	TEXT_CONDITION	LEAF_SOURCE_FRAGMENT	RAW_SOURCE_EVIDENCE	연령>18	EXACT_PAGE	130	False
B163	AST_B163_N001	AND	STRUCTURAL_SOURCE_FRAGMENT	STRUCTURAL_AST_FRAGMENT	시술명 table1 and 연령>18	EXACT_PAGE	130	False
B171	AST_B171_N002	TABLE_REF	REFERENCE_RAW_ATOM	RAW_SOURCE_EVIDENCE	주진단명 또는 기타진단명 table1	EXACT_PAGE	128	False
B171	AST_B171_N003	TABLE_REF	REFERENCE_RAW_ATOM	RAW_SOURCE_EVIDENCE	시술명 table2	EXACT_PAGE	128	False
B171	AST_B171_N001	AND	STRUCTURAL_SOURCE_FRAGMENT	STRUCTURAL_AST_FRAGMENT	주진단명 또는 기타진단명 table1 and 시술명 table2	EXACT_PAGE	130	False
B173	AST_B173_N002	TABLE_REF	REFERENCE_RAW_ATOM	RAW_SOURCE_EVIDENCE	주진단명 또는 기타진단명 table1	EXACT_PAGE	130	False
B173	AST_B173_N003	TABLE_REF	REFERENCE_RAW_ATOM	RAW_SOURCE_EVIDENCE	시술명 table3	EXACT_PAGE	129	False
B173	AST_B173_N001	AND	STRUCTURAL_SOURCE_FRAGMENT	STRUCTURAL_AST_FRAGMENT	주진단명 또는 기타진단명 table1 and 시술명 table3	EXACT_PAGE	131	False
B175	AST_B175_N002	TABLE_REF	REFERENCE_RAW_ATOM	RAW_SOURCE_EVIDENCE	주진단명 또는 기타진단명 table1	EXACT_PAGE	130	False
B175	AST_B175_N003	TABLE_REF	REFERENCE_RAW_ATOM	RAW_SOURCE_EVIDENCE	시술명 table4	EXACT_PAGE	129	False
B175	AST_B175_N001	AND	STRUCTURAL_SOURCE_FRAGMENT	STRUCTURAL_AST_FRAGMENT	주진단명 또는 기타진단명 table1 and 시술명 table4	EXACT_PAGE	131	False
B203	AST_B203_N002	TABLE_REF	REFERENCE_RAW_ATOM	RAW_SOURCE_EVIDENCE	주진단명 table1	EXACT_PAGE	115	False
B203	AST_B203_N003	TABLE_REF	REFERENCE_RAW_ATOM	RAW_SOURCE_EVIDENCE	시술명 table2	EXACT_PAGE	110	False
B203	AST_B203_N001	AND	STRUCTURAL_SOURCE_FRAGMENT	STRUCTURAL_AST_FRAGMENT	주진단명 table1 and 시술명 table2	EXACT_PAGE	138	False
B631	AST_B631_N002	TABLE_REF	REFERENCE_RAW_ATOM	RAW_SOURCE_EVIDENCE	주진단명 table1	EXACT_PAGE	121	False
B631	AST_B631_N003	TABLE_REF	REFERENCE_RAW_ATOM	RAW_SOURCE_EVIDENCE	시술명 table2	EXACT_PAGE	121	False
B631	AST_B631_N001	AND	STRUCTURAL_SOURCE_FRAGMENT	STRUCTURAL_AST_FRAGMENT	주진단명 table1 and 시술명 table2	EXACT_PAGE	121	False
B632	AST_B632_N002	TABLE_REF	REFERENCE_RAW_ATOM	RAW_SOURCE_EVIDENCE	주진단명 table1	EXACT_PAGE	121	False
B632	AST_B632_N004	TABLE_REF	REFERENCE_RAW_ATOM	RAW_SOURCE_EVIDENCE	시술명 table3	EXACT_PAGE	147	False
B632	AST_B632_N005	TABLE_REF	REFERENCE_RAW_ATOM	RAW_SOURCE_EVIDENCE	부가코드	EXACT_PAGE	147	False
B632	AST_B632_N001	AND	STRUCTURAL_SOURCE_FRAGMENT	STRUCTURAL_AST_FRAGMENT	주진단명 table1 and (시술명 table3 or 부가코드)	EXACT_PAGE	147	False
B632	AST_B632_N003	OR	STRUCTURAL_SOURCE_FRAGMENT	STRUCTURAL_AST_FRAGMENT	시술명 table3 or 부가코드	EXACT_PAGE	147	False
B685	AST_B685_N002	TABLE_REF	REFERENCE_RAW_ATOM	RAW_SOURCE_EVIDENCE	주진단명 table3	EXACT_PAGE	153	False
B685	AST_B685_N003	TABLE_REF	REFERENCE_RAW_ATOM	RAW_SOURCE_EVIDENCE	부가코드	EXACT_PAGE	153	False
B685	AST_B685_N001	AND	STRUCTURAL_SOURCE_FRAGMENT	STRUCTURAL_AST_FRAGMENT	주진단명 table3 and 부가코드	EXACT_PAGE	153	False
C011	AST_C011_N002	TABLE_REF	REFERENCE_RAW_ATOM	RAW_SOURCE_EVIDENCE	주진단명 table1	EXACT_PAGE	184	False
C011	AST_C011_N003	TABLE_REF	REFERENCE_RAW_ATOM	RAW_SOURCE_EVIDENCE	기타진단명 table2	EXACT_PAGE	184	False
C011	AST_C011_N004	TABLE_REF	REFERENCE_RAW_ATOM	RAW_SOURCE_EVIDENCE	시술명 table3	EXACT_PAGE	184	False
C011	AST_C011_N005	TABLE_REF	REFERENCE_RAW_ATOM	RAW_SOURCE_EVIDENCE	시술명 table4	EXACT_PAGE	184	False
C011	AST_C011_N001	AND	STRUCTURAL_SOURCE_FRAGMENT	STRUCTURAL_AST_FRAGMENT	주진단명 table1 and 기타진단명 table2 and 시술명 table3 and 시술명 table4	EXACT_PAGE	184	False
C012	AST_C012_N002	TABLE_REF	REFERENCE_RAW_ATOM	RAW_SOURCE_EVIDENCE	주진단명 table5	EXACT_PAGE	187	False
C012	AST_C012_N003	TABLE_REF	REFERENCE_RAW_ATOM	RAW_SOURCE_EVIDENCE	시술명 table6	EXACT_PAGE	187	False
C012	AST_C012_N004	TABLE_REF	REFERENCE_RAW_ATOM	RAW_SOURCE_EVIDENCE	시술명 table7	EXACT_PAGE	187	False
C012	AST_C012_N001	AND	STRUCTURAL_SOURCE_FRAGMENT	STRUCTURAL_AST_FRAGMENT	주진단명 table5 and 시술명 table6 and 시술명 table7	EXACT_PAGE	187	False
C013	AST_C013_N002	TABLE_REF	REFERENCE_RAW_ATOM	RAW_SOURCE_EVIDENCE	주진단명 table5	EXACT_PAGE	187	False
C013	AST_C013_N003	TABLE_REF	REFERENCE_RAW_ATOM	RAW_SOURCE_EVIDENCE	시술명 table6	EXACT_PAGE	187	False
C013	AST_C013_N001	AND	STRUCTURAL_SOURCE_FRAGMENT	STRUCTURAL_AST_FRAGMENT	주진단명 table5 and 시술명 table6	EXACT_PAGE	187	False
C014	AST_C014_N002	TABLE_REF	REFERENCE_RAW_ATOM	RAW_SOURCE_EVIDENCE	주진단명 table8	EXACT_PAGE	188	False
C014	AST_C014_N003	TABLE_REF	REFERENCE_RAW_ATOM	RAW_SOURCE_EVIDENCE	기타진단명 table9	EXACT_PAGE	188	False
C014	AST_C014_N004	TABLE_REF	REFERENCE_RAW_ATOM	RAW_SOURCE_EVIDENCE	시술명 table10	EXACT_PAGE	188	False
C014	AST_C014_N001	AND	STRUCTURAL_SOURCE_FRAGMENT	STRUCTURAL_AST_FRAGMENT	주진단명 table8 and 기타진단명 table9 and 시술명 table10	EXACT_PAGE	188	False
C022	AST_C022_N002	TABLE_REF	REFERENCE_RAW_ATOM	RAW_SOURCE_EVIDENCE	시술명 table1	EXACT_PAGE	188	False
C022	AST_C022_N003	TABLE_REF	REFERENCE_RAW_ATOM	RAW_SOURCE_EVIDENCE	부가코드	EXACT_PAGE	189	False
C022	AST_C022_N001	AND	STRUCTURAL_SOURCE_FRAGMENT	STRUCTURAL_AST_FRAGMENT	시술명 table1 and 부가코드	EXACT_PAGE	189	False
C030	AST_C030_N002	TABLE_REF	REFERENCE_RAW_ATOM	RAW_SOURCE_EVIDENCE	시술명 table2	EXACT_PAGE	190	False
C030	AST_C030_N004	TABLE_REF	REFERENCE_RAW_ATOM	RAW_SOURCE_EVIDENCE	주진단명 table1	EXACT_PAGE	190	False
C030	AST_C030_N005	TABLE_REF	REFERENCE_RAW_ATOM	RAW_SOURCE_EVIDENCE	시술명 table3	EXACT_PAGE	190	False
C030	AST_C030_N001	OR	STRUCTURAL_SOURCE_FRAGMENT	STRUCTURAL_AST_FRAGMENT	시술명 table2 or (주진단명 table1 and 시술명 table3)	EXACT_PAGE	190	False
C030	AST_C030_N003	AND	STRUCTURAL_SOURCE_FRAGMENT	STRUCTURAL_AST_FRAGMENT	주진단명 table1 and 시술명 table3	EXACT_PAGE	190	False
C043	AST_C043_N003	TABLE_REF	REFERENCE_RAW_ATOM	RAW_SOURCE_EVIDENCE	시술명 table1	EXACT_PAGE	188	False
C043	AST_C043_N004	TABLE_REF	REFERENCE_RAW_ATOM	RAW_SOURCE_EVIDENCE	시술명 table2	EXACT_PAGE	190	False
C043	AST_C043_N005	TABLE_REF	REFERENCE_RAW_ATOM	RAW_SOURCE_EVIDENCE	시술명 table3	EXACT_PAGE	190	False
C043	AST_C043_N007	TABLE_REF	REFERENCE_RAW_ATOM	RAW_SOURCE_EVIDENCE	시술명 table2	EXACT_PAGE	190	False
C043	AST_C043_N008	TABLE_REF	REFERENCE_RAW_ATOM	RAW_SOURCE_EVIDENCE	시술명 table3	EXACT_PAGE	190	False
C043	AST_C043_N001	OR	STRUCTURAL_SOURCE_FRAGMENT	STRUCTURAL_AST_FRAGMENT	(시술명 table1 and 시술명 table2 and 시술명 table3) or (시술명 table2 and 시술명 table3)	EXACT_PAGE	190	False
C043	AST_C043_N002	AND	STRUCTURAL_SOURCE_FRAGMENT	STRUCTURAL_AST_FRAGMENT	시술명 table1 and 시술명 table2 and 시술명 table3	EXACT_PAGE	190	False
C043	AST_C043_N006	AND	STRUCTURAL_SOURCE_FRAGMENT	STRUCTURAL_AST_FRAGMENT	시술명 table2 and 시술명 table3	EXACT_PAGE	190	False
C044	AST_C044_N003	TABLE_REF	REFERENCE_RAW_ATOM	RAW_SOURCE_EVIDENCE	시술명 table1	EXACT_PAGE	188	False
C044	AST_C044_N004	TABLE_REF	REFERENCE_RAW_ATOM	RAW_SOURCE_EVIDENCE	시술명 table2	EXACT_PAGE	190	False
C044	AST_C044_N005	TABLE_REF	REFERENCE_RAW_ATOM	RAW_SOURCE_EVIDENCE	시술명 table2	EXACT_PAGE	190	False
C044	AST_C044_N001	OR	STRUCTURAL_SOURCE_FRAGMENT	STRUCTURAL_AST_FRAGMENT	(시술명 table1 and 시술명 table2) or (시술명 table2)	EXACT_PAGE	190	False
C044	AST_C044_N002	AND	STRUCTURAL_SOURCE_FRAGMENT	STRUCTURAL_AST_FRAGMENT	시술명 table1 and 시술명 table2	EXACT_PAGE	190	False
C045	AST_C045_N002	TABLE_REF	REFERENCE_RAW_ATOM	RAW_SOURCE_EVIDENCE	시술명 table1	EXACT_PAGE	188	False
C045	AST_C045_N003	TABLE_REF	REFERENCE_RAW_ATOM	RAW_SOURCE_EVIDENCE	시술명 table3	EXACT_PAGE	190	False
C045	AST_C045_N001	AND	STRUCTURAL_SOURCE_FRAGMENT	STRUCTURAL_AST_FRAGMENT	시술명 table1 and 시술명 table3	EXACT_PAGE	190	False
C051	AST_C051_N002	TABLE_REF	REFERENCE_RAW_ATOM	RAW_SOURCE_EVIDENCE	시술명 table1	EXACT_PAGE	189	False
C051	AST_C051_N003	TABLE_REF	REFERENCE_RAW_ATOM	RAW_SOURCE_EVIDENCE	시술명 table2	EXACT_PAGE	190	False
C051	AST_C051_N001	AND	STRUCTURAL_SOURCE_FRAGMENT	STRUCTURAL_AST_FRAGMENT	시술명 table1 and 시술명 table2	EXACT_PAGE	190	False
C061	AST_C061_N002	TABLE_REF	REFERENCE_RAW_ATOM	RAW_SOURCE_EVIDENCE	시술명 table1	EXACT_PAGE	190	False
C061	AST_C061_N003	TEXT_CONDITION	REFERENCE_RAW_ATOM	RAW_SOURCE_EVIDENCE	시술명 table2	EXACT_PAGE	190	False
C061	AST_C061_N003	TEXT_CONDITION	REFERENCE_RAW_ATOM	RAW_SOURCE_EVIDENCE	시술명 table3	EXACT_PAGE	190	False
C061	AST_C061_N004	TABLE_REF	REFERENCE_RAW_ATOM	RAW_SOURCE_EVIDENCE	부가코드2	EXACT_PAGE	192	False
C061	AST_C061_N001	AND	STRUCTURAL_SOURCE_FRAGMENT	STRUCTURAL_AST_FRAGMENT	시술명 table1 and 시술명 table2 (WITH_OR_WITHOUT 시술명 table3) and 부가코드2	NOT_FOUND		False
C062	AST_C062_N002	TEXT_CONDITION	REFERENCE_RAW_ATOM	RAW_SOURCE_EVIDENCE	시술명 table1	EXACT_PAGE	190	False
C062	AST_C062_N002	TEXT_CONDITION	REFERENCE_RAW_ATOM	RAW_SOURCE_EVIDENCE	시술명 table3	EXACT_PAGE	190	False
C062	AST_C062_N003	TABLE_REF	REFERENCE_RAW_ATOM	RAW_SOURCE_EVIDENCE	부가코드2	EXACT_PAGE	192	False
C062	AST_C062_N001	AND	STRUCTURAL_SOURCE_FRAGMENT	STRUCTURAL_AST_FRAGMENT	시술명 table1 (WITH_OR_WITHOUT 시술명 table3) and 부가코드2	NOT_FOUND		False
C063	AST_C063_N002	TABLE_REF	REFERENCE_RAW_ATOM	RAW_SOURCE_EVIDENCE	시술명 table1	EXACT_PAGE	190	False
C063	AST_C063_N003	TEXT_CONDITION	REFERENCE_RAW_ATOM	RAW_SOURCE_EVIDENCE	시술명 table2	EXACT_PAGE	190	False
C063	AST_C063_N003	TEXT_CONDITION	REFERENCE_RAW_ATOM	RAW_SOURCE_EVIDENCE	시술명 table3	EXACT_PAGE	190	False
C063	AST_C063_N004	TABLE_REF	REFERENCE_RAW_ATOM	RAW_SOURCE_EVIDENCE	부가코드1	EXACT_PAGE	192	False
C063	AST_C063_N005	TABLE_REF	REFERENCE_RAW_ATOM	RAW_SOURCE_EVIDENCE	부가코드2	EXACT_PAGE	192	False
C063	AST_C063_N001	AND	STRUCTURAL_SOURCE_FRAGMENT	STRUCTURAL_AST_FRAGMENT	시술명 table1 and 시술명 table2 (WITH_OR_WITHOUT 시술명 table3) and 부가코드1 and 부가코드2	NOT_FOUND		False
C064	AST_C064_N002	TEXT_CONDITION	REFERENCE_RAW_ATOM	RAW_SOURCE_EVIDENCE	시술명 table1	EXACT_PAGE	190	False
C064	AST_C064_N002	TEXT_CONDITION	REFERENCE_RAW_ATOM	RAW_SOURCE_EVIDENCE	시술명 table3	EXACT_PAGE	190	False
C064	AST_C064_N003	TABLE_REF	REFERENCE_RAW_ATOM	RAW_SOURCE_EVIDENCE	부가코드1	EXACT_PAGE	192	False
C064	AST_C064_N004	TABLE_REF	REFERENCE_RAW_ATOM	RAW_SOURCE_EVIDENCE	부가코드2	EXACT_PAGE	192	False
C064	AST_C064_N001	AND	STRUCTURAL_SOURCE_FRAGMENT	STRUCTURAL_AST_FRAGMENT	시술명 table1 (WITH_OR_WITHOUT 시술명 table3) and 부가코드1 and 부가코드2	NOT_FOUND		False
C071	AST_C071_N002	TABLE_REF	REFERENCE_RAW_ATOM	RAW_SOURCE_EVIDENCE	시술명 table1	EXACT_PAGE	191	False
C071	AST_C071_N003	TEXT_CONDITION	REFERENCE_RAW_ATOM	RAW_SOURCE_EVIDENCE	시술명 table2	EXACT_PAGE	191	False
C071	AST_C071_N003	TEXT_CONDITION	REFERENCE_RAW_ATOM	RAW_SOURCE_EVIDENCE	시술명 table3	EXACT_PAGE	191	False
C071	AST_C071_N001	AND	STRUCTURAL_SOURCE_FRAGMENT	STRUCTURAL_AST_FRAGMENT	시술명 table1 and 시술명 table2 (WITH_OR_WITHOUT 시술명 table3)	NOT_FOUND		False
C072	AST_C072_N001	TEXT_CONDITION	REFERENCE_RAW_ATOM	RAW_SOURCE_EVIDENCE	시술명 table1	EXACT_PAGE	191	False
C072	AST_C072_N001	TEXT_CONDITION	REFERENCE_RAW_ATOM	RAW_SOURCE_EVIDENCE	시술명 table3	EXACT_PAGE	191	False
C073	AST_C073_N002	TEXT_CONDITION	REFERENCE_RAW_ATOM	RAW_SOURCE_EVIDENCE	시술명 table1	EXACT_PAGE	191	False
C073	AST_C073_N002	TEXT_CONDITION	REFERENCE_RAW_ATOM	RAW_SOURCE_EVIDENCE	시술명 table3	EXACT_PAGE	191	False
C073	AST_C073_N003	TABLE_REF	REFERENCE_RAW_ATOM	RAW_SOURCE_EVIDENCE	부가코드	EXACT_PAGE	192	False
C073	AST_C073_N001	AND	STRUCTURAL_SOURCE_FRAGMENT	STRUCTURAL_AST_FRAGMENT	시술명 table1 (WITH_OR_WITHOUT 시술명 table3) and 부가코드	NOT_FOUND		False
C091	AST_C091_N002	TABLE_REF	REFERENCE_RAW_ATOM	RAW_SOURCE_EVIDENCE	시술명 table3	EXACT_PAGE	192	False
C091	AST_C091_N003	TABLE_REF	REFERENCE_RAW_ATOM	RAW_SOURCE_EVIDENCE	시술명 table5	EXACT_PAGE	194	False
C091	AST_C091_N001	AND	STRUCTURAL_SOURCE_FRAGMENT	STRUCTURAL_AST_FRAGMENT	시술명 table3 and 시술명 table5	EXACT_PAGE	194	False
C121	AST_C121_N002	TABLE_REF	REFERENCE_RAW_ATOM	RAW_SOURCE_EVIDENCE	시술명 table1	EXACT_PAGE	196	False
C121	AST_C121_N003	TABLE_REF	REFERENCE_RAW_ATOM	RAW_SOURCE_EVIDENCE	부가코드1	EXACT_PAGE	196	False
C121	AST_C121_N001	AND	STRUCTURAL_SOURCE_FRAGMENT	STRUCTURAL_AST_FRAGMENT	시술명 table1 and 부가코드1	EXACT_PAGE	196	False
C122	AST_C122_N002	TABLE_REF	REFERENCE_RAW_ATOM	RAW_SOURCE_EVIDENCE	시술명 table1	EXACT_PAGE	196	False
C122	AST_C122_N003	TABLE_REF	REFERENCE_RAW_ATOM	RAW_SOURCE_EVIDENCE	부가코드2	EXACT_PAGE	196	False
C122	AST_C122_N001	AND	STRUCTURAL_SOURCE_FRAGMENT	STRUCTURAL_AST_FRAGMENT	시술명 table1 and 부가코드2	EXACT_PAGE	196	False
C123	AST_C123_N002	TABLE_REF	REFERENCE_RAW_ATOM	RAW_SOURCE_EVIDENCE	시술명 table1	EXACT_PAGE	196	False
C123	AST_C123_N003	TABLE_REF	REFERENCE_RAW_ATOM	RAW_SOURCE_EVIDENCE	부가코드3	EXACT_PAGE	196	False
C123	AST_C123_N001	AND	STRUCTURAL_SOURCE_FRAGMENT	STRUCTURAL_AST_FRAGMENT	시술명 table1 and 부가코드3	EXACT_PAGE	196	False
C124	AST_C124_N002	TABLE_REF	REFERENCE_RAW_ATOM	RAW_SOURCE_EVIDENCE	시술명 table2	EXACT_PAGE	197	False
C124	AST_C124_N003	TABLE_REF	REFERENCE_RAW_ATOM	RAW_SOURCE_EVIDENCE	부가코드1	EXACT_PAGE	196	False
C124	AST_C124_N001	AND	STRUCTURAL_SOURCE_FRAGMENT	STRUCTURAL_AST_FRAGMENT	시술명 table2 and 부가코드1	EXACT_PAGE	197	False
C125	AST_C125_N002	TABLE_REF	REFERENCE_RAW_ATOM	RAW_SOURCE_EVIDENCE	시술명 table2	EXACT_PAGE	197	False
C125	AST_C125_N003	TABLE_REF	REFERENCE_RAW_ATOM	RAW_SOURCE_EVIDENCE	부가코드2	EXACT_PAGE	196	False
C125	AST_C125_N001	AND	STRUCTURAL_SOURCE_FRAGMENT	STRUCTURAL_AST_FRAGMENT	시술명 table2 and 부가코드2	EXACT_PAGE	197	False
C126	AST_C126_N002	TABLE_REF	REFERENCE_RAW_ATOM	RAW_SOURCE_EVIDENCE	시술명 table2	EXACT_PAGE	197	False
C126	AST_C126_N003	TABLE_REF	REFERENCE_RAW_ATOM	RAW_SOURCE_EVIDENCE	부가코드3	EXACT_PAGE	196	False
C126	AST_C126_N001	AND	STRUCTURAL_SOURCE_FRAGMENT	STRUCTURAL_AST_FRAGMENT	시술명 table2 and 부가코드3	EXACT_PAGE	197	False
C133	AST_C133_N002	TABLE_REF	REFERENCE_RAW_ATOM	RAW_SOURCE_EVIDENCE	시술명 table1	EXACT_PAGE	196	False
C133	AST_C133_N003	TABLE_REF	REFERENCE_RAW_ATOM	RAW_SOURCE_EVIDENCE	부가코드	EXACT_PAGE	196	False
C133	AST_C133_N001	AND	STRUCTURAL_SOURCE_FRAGMENT	STRUCTURAL_AST_FRAGMENT	시술명 table1 and 부가코드	EXACT_PAGE	196	False
C136	AST_C136_N002	TABLE_REF	REFERENCE_RAW_ATOM	RAW_SOURCE_EVIDENCE	시술명 table1	EXACT_PAGE	196	False
C136	AST_C136_N003	TABLE_REF	REFERENCE_RAW_ATOM	RAW_SOURCE_EVIDENCE	부가코드	EXACT_PAGE	196	False
C136	AST_C136_N001	AND	STRUCTURAL_SOURCE_FRAGMENT	STRUCTURAL_AST_FRAGMENT	시술명 table1 and 부가코드	EXACT_PAGE	196	False
D021	AST_D021_N002	TABLE_REF	REFERENCE_RAW_ATOM	RAW_SOURCE_EVIDENCE	시술명 table1	EXACT_PAGE	238	False
D021	AST_D021_N003	TABLE_REF	REFERENCE_RAW_ATOM	RAW_SOURCE_EVIDENCE	시술명 table2	EXACT_PAGE	236	False
D021	AST_D021_N001	AND	STRUCTURAL_SOURCE_FRAGMENT	STRUCTURAL_AST_FRAGMENT	시술명 table1 and 시술명 table2	EXACT_PAGE	238	False
D052	AST_D052_N002	TABLE_REF	REFERENCE_RAW_ATOM	RAW_SOURCE_EVIDENCE	시술명 table1	EXACT_PAGE	245	False
D052	AST_D052_N003	TABLE_REF	REFERENCE_RAW_ATOM	RAW_SOURCE_EVIDENCE	부가코드1	EXACT_PAGE	245	False
D052	AST_D052_N001	AND	STRUCTURAL_SOURCE_FRAGMENT	STRUCTURAL_AST_FRAGMENT	시술명 table1 and 부가코드1	EXACT_PAGE	245	False
D054	AST_D054_N002	TABLE_REF	REFERENCE_RAW_ATOM	RAW_SOURCE_EVIDENCE	시술명 table2	EXACT_PAGE	245	False
D054	AST_D054_N003	TABLE_REF	REFERENCE_RAW_ATOM	RAW_SOURCE_EVIDENCE	부가코드2	EXACT_PAGE	245	False
D054	AST_D054_N001	AND	STRUCTURAL_SOURCE_FRAGMENT	STRUCTURAL_AST_FRAGMENT	시술명 table2 and 부가코드2	EXACT_PAGE	245	False
D061	AST_D061_N002	TABLE_REF	REFERENCE_RAW_ATOM	RAW_SOURCE_EVIDENCE	시술명 table1	EXACT_PAGE	245	False
D061	AST_D061_N004	TABLE_REF	REFERENCE_RAW_ATOM	RAW_SOURCE_EVIDENCE	시술명 table2	EXACT_PAGE	245	False
D061	AST_D061_N005	TABLE_REF	REFERENCE_RAW_ATOM	RAW_SOURCE_EVIDENCE	부가코드1	EXACT_PAGE	245	False
D061	AST_D061_N001	OR	STRUCTURAL_SOURCE_FRAGMENT	STRUCTURAL_AST_FRAGMENT	시술명 table1 or (시술명 table2 and 부가코드1)	EXACT_PAGE	246	False
D061	AST_D061_N003	AND	STRUCTURAL_SOURCE_FRAGMENT	STRUCTURAL_AST_FRAGMENT	시술명 table2 and 부가코드1	EXACT_PAGE	246	False
D062	AST_D062_N003	TABLE_REF	REFERENCE_RAW_ATOM	RAW_SOURCE_EVIDENCE	시술명 table1	EXACT_PAGE	245	False
D062	AST_D062_N004	TABLE_REF	REFERENCE_RAW_ATOM	RAW_SOURCE_EVIDENCE	부가코드2	EXACT_PAGE	245	False
D062	AST_D062_N006	TABLE_REF	REFERENCE_RAW_ATOM	RAW_SOURCE_EVIDENCE	시술명 table2	EXACT_PAGE	245	False
D062	AST_D062_N007	TABLE_REF	REFERENCE_RAW_ATOM	RAW_SOURCE_EVIDENCE	부가코드1	EXACT_PAGE	245	False
D062	AST_D062_N008	TABLE_REF	REFERENCE_RAW_ATOM	RAW_SOURCE_EVIDENCE	부가코드2	EXACT_PAGE	245	False
D062	AST_D062_N001	OR	STRUCTURAL_SOURCE_FRAGMENT	STRUCTURAL_AST_FRAGMENT	(시술명 table1 and 부가코드2) or (시술명 table2 and 부가코드1 and 부가코드2)	EXACT_PAGE	246	False
D062	AST_D062_N002	AND	STRUCTURAL_SOURCE_FRAGMENT	STRUCTURAL_AST_FRAGMENT	시술명 table1 and 부가코드2	EXACT_PAGE	246	False
D062	AST_D062_N005	AND	STRUCTURAL_SOURCE_FRAGMENT	STRUCTURAL_AST_FRAGMENT	시술명 table2 and 부가코드1 and 부가코드2	EXACT_PAGE	246	False
D067	AST_D067_N002	TABLE_REF	REFERENCE_RAW_ATOM	RAW_SOURCE_EVIDENCE	시술명 table4	EXACT_PAGE	246	False
D067	AST_D067_N003	TABLE_REF	REFERENCE_RAW_ATOM	RAW_SOURCE_EVIDENCE	부가코드3	EXACT_PAGE	246	False
D067	AST_D067_N001	AND	STRUCTURAL_SOURCE_FRAGMENT	STRUCTURAL_AST_FRAGMENT	시술명 table4 and 부가코드3	EXACT_PAGE	246	False
D068	AST_D068_N002	TABLE_REF	REFERENCE_RAW_ATOM	RAW_SOURCE_EVIDENCE	시술명 table5	EXACT_PAGE	246	False
D068	AST_D068_N003	TABLE_REF	REFERENCE_RAW_ATOM	RAW_SOURCE_EVIDENCE	부가코드4	EXACT_PAGE	246	False
D068	AST_D068_N001	AND	STRUCTURAL_SOURCE_FRAGMENT	STRUCTURAL_AST_FRAGMENT	시술명 table5 and 부가코드4	EXACT_PAGE	246	False
D502	AST_D502_N003	TABLE_REF	REFERENCE_RAW_ATOM	RAW_SOURCE_EVIDENCE	주진단명 table1	EXACT_PAGE	235	False
D502	AST_D502_N004	TABLE_REF	REFERENCE_RAW_ATOM	RAW_SOURCE_EVIDENCE	시술명 table3	EXACT_PAGE	235	False
D502	AST_D502_N005	TABLE_REF	REFERENCE_RAW_ATOM	RAW_SOURCE_EVIDENCE	시술명 table4	EXACT_PAGE	262	False
D502	AST_D502_N001	OR	STRUCTURAL_SOURCE_FRAGMENT	STRUCTURAL_AST_FRAGMENT	(주진단명 table1 and 시술명 table3) or 시술명 table4	EXACT_PAGE	262	False
D502	AST_D502_N002	AND	STRUCTURAL_SOURCE_FRAGMENT	STRUCTURAL_AST_FRAGMENT	주진단명 table1 and 시술명 table3	EXACT_PAGE	262	False
D601	AST_D601_N002	TABLE_REF	REFERENCE_RAW_ATOM	RAW_SOURCE_EVIDENCE	주진단명 table1	EXACT_PAGE	235	False
D601	AST_D601_N003	TABLE_REF	REFERENCE_RAW_ATOM	RAW_SOURCE_EVIDENCE	시술명 table2	EXACT_PAGE	235	False
D601	AST_D601_N001	AND	STRUCTURAL_SOURCE_FRAGMENT	STRUCTURAL_AST_FRAGMENT	주진단명 table1 and 시술명 table2	EXACT_PAGE	235	False
D602	AST_D602_N002	TABLE_REF	REFERENCE_RAW_ATOM	RAW_SOURCE_EVIDENCE	주진단명 table1	EXACT_PAGE	235	False
D602	AST_D602_N004	TABLE_REF	REFERENCE_RAW_ATOM	RAW_SOURCE_EVIDENCE	시술명 table3	EXACT_PAGE	235	False
D602	AST_D602_N005	TABLE_REF	REFERENCE_RAW_ATOM	RAW_SOURCE_EVIDENCE	부가코드	EXACT_PAGE	235	False
D602	AST_D602_N001	AND	STRUCTURAL_SOURCE_FRAGMENT	STRUCTURAL_AST_FRAGMENT	주진단명 table1 and (시술명 table3 or 부가코드)	EXACT_PAGE	235	False
D602	AST_D602_N003	OR	STRUCTURAL_SOURCE_FRAGMENT	STRUCTURAL_AST_FRAGMENT	시술명 table3 or 부가코드	EXACT_PAGE	235	False
D621	AST_D621_N002	TABLE_REF	REFERENCE_RAW_ATOM	RAW_SOURCE_EVIDENCE	주진단명 table1	EXACT_PAGE	240	False
D621	AST_D621_N003	TABLE_REF	REFERENCE_RAW_ATOM	RAW_SOURCE_EVIDENCE	기타진단명 table2	EXACT_PAGE	240	False
D621	AST_D621_N001	AND	STRUCTURAL_SOURCE_FRAGMENT	STRUCTURAL_AST_FRAGMENT	주진단명 table1 and 기타진단명 table2	EXACT_PAGE	240	False
E011	AST_E011_N002	TABLE_REF	REFERENCE_RAW_ATOM	RAW_SOURCE_EVIDENCE	시술명 table1	EXACT_PAGE	290	False
E011	AST_E011_N004	TABLE_REF	REFERENCE_RAW_ATOM	RAW_SOURCE_EVIDENCE	시술명 table2	EXACT_PAGE	290	False
E011	AST_E011_N005	TABLE_REF	REFERENCE_RAW_ATOM	RAW_SOURCE_EVIDENCE	부가코드	EXACT_PAGE	290	False
E011	AST_E011_N001	OR	STRUCTURAL_SOURCE_FRAGMENT	STRUCTURAL_AST_FRAGMENT	시술명 table1 or (시술명 table2 without 부가코드)	EXACT_PAGE	290	False
E011	AST_E011_N003	EXCLUSION	STRUCTURAL_SOURCE_FRAGMENT	STRUCTURAL_AST_FRAGMENT	시술명 table2 without 부가코드	EXACT_PAGE	290	False
E012	AST_E012_N003	TABLE_REF	REFERENCE_RAW_ATOM	RAW_SOURCE_EVIDENCE	주진단명 table1	EXACT_PAGE	262	False
E012	AST_E012_N004	TABLE_REF	REFERENCE_RAW_ATOM	RAW_SOURCE_EVIDENCE	시술명 table2	EXACT_PAGE	290	False
E012	AST_E012_N006	TABLE_REF	REFERENCE_RAW_ATOM	RAW_SOURCE_EVIDENCE	주진단명 table1	EXACT_PAGE	262	False
E012	AST_E012_N008	TABLE_REF	REFERENCE_RAW_ATOM	RAW_SOURCE_EVIDENCE	시술명 table3	EXACT_PAGE	262	False
E012	AST_E012_N009	TABLE_REF	REFERENCE_RAW_ATOM	RAW_SOURCE_EVIDENCE	부가코드	EXACT_PAGE	290	False
E012	AST_E012_N001	OR	STRUCTURAL_SOURCE_FRAGMENT	STRUCTURAL_AST_FRAGMENT	(주진단명 table1 and 시술명 table2) or (주진단명 table1 and 시술명 table3 without 부가코드)	EXACT_PAGE	290	False
E012	AST_E012_N002	AND	STRUCTURAL_SOURCE_FRAGMENT	STRUCTURAL_AST_FRAGMENT	주진단명 table1 and 시술명 table2	EXACT_PAGE	290	False
E012	AST_E012_N005	AND	STRUCTURAL_SOURCE_FRAGMENT	STRUCTURAL_AST_FRAGMENT	주진단명 table1 and 시술명 table3 without 부가코드	EXACT_PAGE	290	False
E012	AST_E012_N007	EXCLUSION	STRUCTURAL_SOURCE_FRAGMENT	STRUCTURAL_AST_FRAGMENT	시술명 table3 without 부가코드	EXACT_PAGE	290	False
E013	AST_E013_N004	TEXT_CONDITION	LEAF_SOURCE_FRAGMENT	RAW_SOURCE_EVIDENCE	MDC04의 주진단명	EXACT_PAGE	292	False
E013	AST_E013_N005	TABLE_REF	REFERENCE_RAW_ATOM	RAW_SOURCE_EVIDENCE	주진단명 table1	EXACT_PAGE	290	False
E013	AST_E013_N006	TABLE_REF	REFERENCE_RAW_ATOM	RAW_SOURCE_EVIDENCE	시술명 table1	EXACT_PAGE	290	False
E013	AST_E013_N009	TEXT_CONDITION	LEAF_SOURCE_FRAGMENT	RAW_SOURCE_EVIDENCE	MDC04의 주진단명	EXACT_PAGE	292	False
E013	AST_E013_N010	TABLE_REF	REFERENCE_RAW_ATOM	RAW_SOURCE_EVIDENCE	주진단명 table1	EXACT_PAGE	290	False
E013	AST_E013_N012	TABLE_REF	REFERENCE_RAW_ATOM	RAW_SOURCE_EVIDENCE	시술명 table2	EXACT_PAGE	290	False
E013	AST_E013_N013	TABLE_REF	REFERENCE_RAW_ATOM	RAW_SOURCE_EVIDENCE	부가코드	EXACT_PAGE	290	False
E013	AST_E013_N001	OR	STRUCTURAL_SOURCE_FRAGMENT	STRUCTURAL_AST_FRAGMENT	(E012의 주진단명 table1을 제외한 MDC04의 주진단명 and 시술명 table1) or (E012의 주진단명 table1을 제외한 MDC04의 주진단명 and 시술명 table2 without 부가코드)	EXACT_PAGE	292	False
E013	AST_E013_N002	AND	STRUCTURAL_SOURCE_FRAGMENT	STRUCTURAL_AST_FRAGMENT	E012의 주진단명 table1을 제외한 MDC04의 주진단명 and 시술명 table1	EXACT_PAGE	292	False
E013	AST_E013_N003	EXCLUSION	STRUCTURAL_SOURCE_FRAGMENT	STRUCTURAL_AST_FRAGMENT	E012의 주진단명 table1을 제외한 MDC04의 주진단명	EXACT_PAGE	292	False
E013	AST_E013_N007	AND	STRUCTURAL_SOURCE_FRAGMENT	STRUCTURAL_AST_FRAGMENT	E012의 주진단명 table1을 제외한 MDC04의 주진단명 and 시술명 table2 without 부가코드	EXACT_PAGE	292	False
E013	AST_E013_N008	EXCLUSION	STRUCTURAL_SOURCE_FRAGMENT	STRUCTURAL_AST_FRAGMENT	E012의 주진단명 table1을 제외한 MDC04의 주진단명	EXACT_PAGE	292	False
E013	AST_E013_N011	EXCLUSION	STRUCTURAL_SOURCE_FRAGMENT	STRUCTURAL_AST_FRAGMENT	시술명 table2 without 부가코드	EXACT_PAGE	290	False
E014	AST_E014_N002	TABLE_REF	REFERENCE_RAW_ATOM	RAW_SOURCE_EVIDENCE	시술명 table1	EXACT_PAGE	290	False
E014	AST_E014_N004	TABLE_REF	REFERENCE_RAW_ATOM	RAW_SOURCE_EVIDENCE	시술명 table2	EXACT_PAGE	290	False
E014	AST_E014_N005	TABLE_REF	REFERENCE_RAW_ATOM	RAW_SOURCE_EVIDENCE	부가코드	EXACT_PAGE	290	False
E014	AST_E014_N001	OR	STRUCTURAL_SOURCE_FRAGMENT	STRUCTURAL_AST_FRAGMENT	시술명 table1 or (시술명 table2 without 부가코드)	EXACT_PAGE	290	False
E014	AST_E014_N003	EXCLUSION	STRUCTURAL_SOURCE_FRAGMENT	STRUCTURAL_AST_FRAGMENT	시술명 table2 without 부가코드	EXACT_PAGE	290	False
E015	AST_E015_N002	TABLE_REF	REFERENCE_RAW_ATOM	RAW_SOURCE_EVIDENCE	시술명 table1	EXACT_PAGE	292	False
E015	AST_E015_N004	TABLE_REF	REFERENCE_RAW_ATOM	RAW_SOURCE_EVIDENCE	시술명 table2	EXACT_PAGE	291	False
E015	AST_E015_N005	TABLE_REF	REFERENCE_RAW_ATOM	RAW_SOURCE_EVIDENCE	부가코드	EXACT_PAGE	291	False
E015	AST_E015_N001	OR	STRUCTURAL_SOURCE_FRAGMENT	STRUCTURAL_AST_FRAGMENT	시술명 table1 or (시술명 table2 without 부가코드)	EXACT_PAGE	292	False
E015	AST_E015_N003	EXCLUSION	STRUCTURAL_SOURCE_FRAGMENT	STRUCTURAL_AST_FRAGMENT	시술명 table2 without 부가코드	EXACT_PAGE	292	False
E018	AST_E018_N002	TABLE_REF	REFERENCE_RAW_ATOM	RAW_SOURCE_EVIDENCE	시술명 table1	EXACT_PAGE	292	False
E018	AST_E018_N003	TABLE_REF	REFERENCE_RAW_ATOM	RAW_SOURCE_EVIDENCE	부가코드	EXACT_PAGE	292	False
E018	AST_E018_N001	AND	STRUCTURAL_SOURCE_FRAGMENT	STRUCTURAL_AST_FRAGMENT	시술명 table1 and 부가코드	EXACT_PAGE	294	False
E019	AST_E019_N002	TABLE_REF	REFERENCE_RAW_ATOM	RAW_SOURCE_EVIDENCE	시술명 table1	EXACT_PAGE	292	False
E019	AST_E019_N003	TEXT_CONDITION	REFERENCE_RAW_ATOM	RAW_SOURCE_EVIDENCE	시술명 table2	EXACT_PAGE	292	False
E019	AST_E019_N003	TEXT_CONDITION	REFERENCE_RAW_ATOM	RAW_SOURCE_EVIDENCE	부가코드	EXACT_PAGE	292	False
E019	AST_E019_N001	OR	STRUCTURAL_SOURCE_FRAGMENT	STRUCTURAL_AST_FRAGMENT	시술명 table1 or (시술명 table2 with 부가코드)	EXACT_PAGE	294	False
E501	AST_E501_N002	TABLE_REF	REFERENCE_RAW_ATOM	RAW_SOURCE_EVIDENCE	시술명 table1	EXACT_PAGE	301	False
E501	AST_E501_N003	TABLE_REF	REFERENCE_RAW_ATOM	RAW_SOURCE_EVIDENCE	시술명 table2	EXACT_PAGE	301	False
E501	AST_E501_N004	TEXT_CONDITION	LEAF_SOURCE_FRAGMENT	RAW_SOURCE_EVIDENCE	인공호흡≥96hours	EXACT_PAGE	301	False
E501	AST_E501_N001	AND	STRUCTURAL_SOURCE_FRAGMENT	STRUCTURAL_AST_FRAGMENT	시술명 table1 and 시술명 table2 and 인공호흡≥96hours	EXACT_PAGE	301	False
E502	AST_E502_N002	TABLE_REF	REFERENCE_RAW_ATOM	RAW_SOURCE_EVIDENCE	시술명 table1	EXACT_PAGE	301	False
E502	AST_E502_N003	TEXT_CONDITION	LEAF_SOURCE_FRAGMENT	RAW_SOURCE_EVIDENCE	인공호흡≥96hours	EXACT_PAGE	301	False
E502	AST_E502_N001	AND	STRUCTURAL_SOURCE_FRAGMENT	STRUCTURAL_AST_FRAGMENT	시술명 table1 and 인공호흡≥96hours	EXACT_PAGE	301	False
E511	AST_E511_N002	TABLE_REF	REFERENCE_RAW_ATOM	RAW_SOURCE_EVIDENCE	시술명 table1	EXACT_PAGE	301	False
E511	AST_E511_N003	TABLE_REF	REFERENCE_RAW_ATOM	RAW_SOURCE_EVIDENCE	시술명 table2	EXACT_PAGE	301	False
E511	AST_E511_N005	TEXT_CONDITION	LEAF_SOURCE_FRAGMENT	RAW_SOURCE_EVIDENCE	인공호흡≥96hours	EXACT_PAGE	301	False
E511	AST_E511_N001	AND	STRUCTURAL_SOURCE_FRAGMENT	STRUCTURAL_AST_FRAGMENT	시술명 table1 and 시술명 table2 and not(인공호흡≥96hours)	EXACT_PAGE	301	False
E511	AST_E511_N004	NOT	STRUCTURAL_SOURCE_FRAGMENT	STRUCTURAL_AST_FRAGMENT	not(인공호흡≥96hours)	EXACT_PAGE	301	False
E512	AST_E512_N002	TABLE_REF	REFERENCE_RAW_ATOM	RAW_SOURCE_EVIDENCE	시술명 table1	EXACT_PAGE	301	False
E512	AST_E512_N004	TEXT_CONDITION	LEAF_SOURCE_FRAGMENT	RAW_SOURCE_EVIDENCE	인공호흡≥96hours	EXACT_PAGE	301	False
E512	AST_E512_N001	AND	STRUCTURAL_SOURCE_FRAGMENT	STRUCTURAL_AST_FRAGMENT	시술명 table1 and not(인공호흡≥96hours)	EXACT_PAGE	302	False
E512	AST_E512_N003	NOT	STRUCTURAL_SOURCE_FRAGMENT	STRUCTURAL_AST_FRAGMENT	not(인공호흡≥96hours)	EXACT_PAGE	301	False
E520	AST_E520_N002	TABLE_REF	REFERENCE_RAW_ATOM	RAW_SOURCE_EVIDENCE	주진단명 table1	EXACT_PAGE	302	False
E520	AST_E520_N003	TABLE_REF	REFERENCE_RAW_ATOM	RAW_SOURCE_EVIDENCE	시술명 table2	EXACT_PAGE	301	False
E520	AST_E520_N001	AND	STRUCTURAL_SOURCE_FRAGMENT	STRUCTURAL_AST_FRAGMENT	주진단명 table1 and 시술명 table2	EXACT_PAGE	302	False
E530	AST_E530_N002	TABLE_REF	REFERENCE_RAW_ATOM	RAW_SOURCE_EVIDENCE	주진단명 table1	EXACT_PAGE	302	False
E530	AST_E530_N003	TABLE_REF	REFERENCE_RAW_ATOM	RAW_SOURCE_EVIDENCE	시술명 table2	EXACT_PAGE	301	False
E530	AST_E530_N001	AND	STRUCTURAL_SOURCE_FRAGMENT	STRUCTURAL_AST_FRAGMENT	주진단명 table1 and 시술명 table2	EXACT_PAGE	302	False
E624	AST_E624_N002	TABLE_REF	REFERENCE_RAW_ATOM	RAW_SOURCE_EVIDENCE	주진단명 table1	EXACT_PAGE	303	False
E624	AST_E624_N003	TEXT_CONDITION	LEAF_SOURCE_FRAGMENT	RAW_SOURCE_EVIDENCE	연령 ≤18세	EXACT_PAGE	305	False
E624	AST_E624_N001	AND	STRUCTURAL_SOURCE_FRAGMENT	STRUCTURAL_AST_FRAGMENT	주진단명 table1 and 연령 ≤18세	EXACT_PAGE	305	False
E625	AST_E625_N002	TABLE_REF	REFERENCE_RAW_ATOM	RAW_SOURCE_EVIDENCE	주진단명 table1	EXACT_PAGE	303	False
E625	AST_E625_N003	TEXT_CONDITION	LEAF_SOURCE_FRAGMENT	RAW_SOURCE_EVIDENCE	연령 ≤18세	EXACT_PAGE	305	False
E625	AST_E625_N001	AND	STRUCTURAL_SOURCE_FRAGMENT	STRUCTURAL_AST_FRAGMENT	주진단명 table1 and 연령 ≤18세	EXACT_PAGE	305	False
E671	AST_E671_N002	TABLE_REF	REFERENCE_RAW_ATOM	RAW_SOURCE_EVIDENCE	주진단명 table1	EXACT_PAGE	305	False
E671	AST_E671_N003	TABLE_REF	REFERENCE_RAW_ATOM	RAW_SOURCE_EVIDENCE	시술명 table2	EXACT_PAGE	307	False
E671	AST_E671_N001	AND	STRUCTURAL_SOURCE_FRAGMENT	STRUCTURAL_AST_FRAGMENT	주진단명 table1 and 시술명 table2	EXACT_PAGE	307	False
E672	AST_E672_N002	TABLE_REF	REFERENCE_RAW_ATOM	RAW_SOURCE_EVIDENCE	주진단명 table1	EXACT_PAGE	305	False
E672	AST_E672_N004	TABLE_REF	REFERENCE_RAW_ATOM	RAW_SOURCE_EVIDENCE	시술명 table3	EXACT_PAGE	307	False
E672	AST_E672_N005	TABLE_REF	REFERENCE_RAW_ATOM	RAW_SOURCE_EVIDENCE	부가코드	EXACT_PAGE	307	False
E672	AST_E672_N001	AND	STRUCTURAL_SOURCE_FRAGMENT	STRUCTURAL_AST_FRAGMENT	주진단명 table1 and (시술명 table3 or 부가코드)	EXACT_PAGE	307	False
E672	AST_E672_N003	OR	STRUCTURAL_SOURCE_FRAGMENT	STRUCTURAL_AST_FRAGMENT	시술명 table3 or 부가코드	EXACT_PAGE	307	False
F021	AST_F021_N002	TABLE_REF	REFERENCE_RAW_ATOM	RAW_SOURCE_EVIDENCE	시술명 table1	EXACT_PAGE	338	False
F021	AST_F021_N003	TABLE_REF	REFERENCE_RAW_ATOM	RAW_SOURCE_EVIDENCE	시술명 table2	EXACT_PAGE	338	False
F021	AST_F021_N001	AND	STRUCTURAL_SOURCE_FRAGMENT	STRUCTURAL_AST_FRAGMENT	시술명 table1 and 시술명 table2	EXACT_PAGE	338	False
F022	AST_F022_N003	TABLE_REF	REFERENCE_RAW_ATOM	RAW_SOURCE_EVIDENCE	시술명 table2	EXACT_PAGE	338	False
F022	AST_F022_N004	TABLE_REF	REFERENCE_RAW_ATOM	RAW_SOURCE_EVIDENCE	시술명 table3	EXACT_PAGE	339	False
F022	AST_F022_N005	TABLE_REF	REFERENCE_RAW_ATOM	RAW_SOURCE_EVIDENCE	시술명 table6	EXACT_PAGE	187	False
F022	AST_F022_N001	OR	STRUCTURAL_SOURCE_FRAGMENT	STRUCTURAL_AST_FRAGMENT	(시술명 table2 and 시술명 table 3) or 시술명 table6	NOT_FOUND		False
F022	AST_F022_N002	AND	STRUCTURAL_SOURCE_FRAGMENT	STRUCTURAL_AST_FRAGMENT	시술명 table2 and 시술명 table3	EXACT_PAGE	339	False
F023	AST_F023_N003	TABLE_REF	REFERENCE_RAW_ATOM	RAW_SOURCE_EVIDENCE	시술명 table2	EXACT_PAGE	338	False
F023	AST_F023_N004	TABLE_REF	REFERENCE_RAW_ATOM	RAW_SOURCE_EVIDENCE	시술명 table4	EXACT_PAGE	339	False
F023	AST_F023_N005	TABLE_REF	REFERENCE_RAW_ATOM	RAW_SOURCE_EVIDENCE	시술명 table5	EXACT_PAGE	339	False
F023	AST_F023_N001	OR	STRUCTURAL_SOURCE_FRAGMENT	STRUCTURAL_AST_FRAGMENT	(시술명 table2 and 시술명 table4) or 시술명 table5	EXACT_PAGE	339	False
F023	AST_F023_N002	AND	STRUCTURAL_SOURCE_FRAGMENT	STRUCTURAL_AST_FRAGMENT	시술명 table2 and 시술명 table4	EXACT_PAGE	339	False
F041	AST_F041_N002	TABLE_REF	REFERENCE_RAW_ATOM	RAW_SOURCE_EVIDENCE	시술명 table1	EXACT_PAGE	339	False
F041	AST_F041_N003	TABLE_REF	REFERENCE_RAW_ATOM	RAW_SOURCE_EVIDENCE	시술명 table2	EXACT_PAGE	339	False
F041	AST_F041_N004	TABLE_REF	REFERENCE_RAW_ATOM	RAW_SOURCE_EVIDENCE	시술명 table3	EXACT_PAGE	339	False
F041	AST_F041_N001	AND	STRUCTURAL_SOURCE_FRAGMENT	STRUCTURAL_AST_FRAGMENT	시술명 table1 and 시술명 table2 and 시술명 table3	EXACT_PAGE	341	False
F042	AST_F042_N002	TABLE_REF	REFERENCE_RAW_ATOM	RAW_SOURCE_EVIDENCE	시술명 table1	EXACT_PAGE	339	False
F042	AST_F042_N003	TABLE_REF	REFERENCE_RAW_ATOM	RAW_SOURCE_EVIDENCE	시술명 table3	EXACT_PAGE	339	False
F042	AST_F042_N001	AND	STRUCTURAL_SOURCE_FRAGMENT	STRUCTURAL_AST_FRAGMENT	시술명 table1 and 시술명 table3	EXACT_PAGE	341	False
F043	AST_F043_N002	TABLE_REF	REFERENCE_RAW_ATOM	RAW_SOURCE_EVIDENCE	시술명 table2	EXACT_PAGE	339	False
F043	AST_F043_N003	TABLE_REF	REFERENCE_RAW_ATOM	RAW_SOURCE_EVIDENCE	시술명 table4	EXACT_PAGE	339	False
F043	AST_F043_N001	AND	STRUCTURAL_SOURCE_FRAGMENT	STRUCTURAL_AST_FRAGMENT	시술명 table2 and 시술명 table4	EXACT_PAGE	339	False
F053	AST_F053_N002	TABLE_REF	REFERENCE_RAW_ATOM	RAW_SOURCE_EVIDENCE	시술명 table1	EXACT_PAGE	341	False
F053	AST_F053_N003	TABLE_REF	REFERENCE_RAW_ATOM	RAW_SOURCE_EVIDENCE	시술명 table2	EXACT_PAGE	341	False
F053	AST_F053_N001	AND	STRUCTURAL_SOURCE_FRAGMENT	STRUCTURAL_AST_FRAGMENT	시술명 table1 and 시술명 table2	EXACT_PAGE	341	False
F061	AST_F061_N004	TABLE_REF	REFERENCE_RAW_ATOM	RAW_SOURCE_EVIDENCE	주진단명 table1	EXACT_PAGE	344	False
F061	AST_F061_N005	TABLE_REF	REFERENCE_RAW_ATOM	RAW_SOURCE_EVIDENCE	시술명 table2	EXACT_PAGE	343	False
F061	AST_F061_N006	TABLE_REF	REFERENCE_RAW_ATOM	RAW_SOURCE_EVIDENCE	시술명 table3	EXACT_PAGE	342	False
F061	AST_F061_N007	TABLE_REF	REFERENCE_RAW_ATOM	RAW_SOURCE_EVIDENCE	시술명 table4	EXACT_PAGE	342	False
F061	AST_F061_N001	AND	STRUCTURAL_SOURCE_FRAGMENT	STRUCTURAL_AST_FRAGMENT	((주진단명 table1 and 시술명 table2) or 시술명 table3) and 시술명 table4	NOT_FOUND		False
F061	AST_F061_N002	OR	STRUCTURAL_SOURCE_FRAGMENT	STRUCTURAL_AST_FRAGMENT	(주진단명 table1 and 시술명 table2) or 시술명 table3	EXACT_PAGE	344	False
F061	AST_F061_N003	AND	STRUCTURAL_SOURCE_FRAGMENT	STRUCTURAL_AST_FRAGMENT	주진단명 table1 and 시술명 table2	EXACT_PAGE	344	False
F062	AST_F062_N002	TABLE_REF	REFERENCE_RAW_ATOM	RAW_SOURCE_EVIDENCE	시술명 table2	EXACT_PAGE	343	False
F062	AST_F062_N003	TABLE_REF	REFERENCE_RAW_ATOM	RAW_SOURCE_EVIDENCE	시술명 table4	EXACT_PAGE	342	False
F062	AST_F062_N001	AND	STRUCTURAL_SOURCE_FRAGMENT	STRUCTURAL_AST_FRAGMENT	시술명 table2 and 시술명 table4	EXACT_PAGE	344	False
F063	AST_F063_N002	TABLE_REF	REFERENCE_RAW_ATOM	RAW_SOURCE_EVIDENCE	시술명 table4	EXACT_PAGE	344	False
F063	AST_F063_N003	TABLE_REF	REFERENCE_RAW_ATOM	RAW_SOURCE_EVIDENCE	시술명 table5	EXACT_PAGE	345	False
F063	AST_F063_N001	AND	STRUCTURAL_SOURCE_FRAGMENT	STRUCTURAL_AST_FRAGMENT	시술명 table4 and 시술명 table5	EXACT_PAGE	345	False
F071	AST_F071_N003	TABLE_REF	REFERENCE_RAW_ATOM	RAW_SOURCE_EVIDENCE	주진단명 table1	EXACT_PAGE	345	False
F071	AST_F071_N004	TABLE_REF	REFERENCE_RAW_ATOM	RAW_SOURCE_EVIDENCE	시술명 table2	EXACT_PAGE	345	False
F071	AST_F071_N005	TABLE_REF	REFERENCE_RAW_ATOM	RAW_SOURCE_EVIDENCE	시술명 table3	EXACT_PAGE	345	False
F071	AST_F071_N001	OR	STRUCTURAL_SOURCE_FRAGMENT	STRUCTURAL_AST_FRAGMENT	(주진단명 table1 and 시술명 table2) or 시술명 table3	EXACT_PAGE	347	False
F071	AST_F071_N002	AND	STRUCTURAL_SOURCE_FRAGMENT	STRUCTURAL_AST_FRAGMENT	주진단명 table1 and 시술명 table2	EXACT_PAGE	347	False
F081	AST_F081_N002	TABLE_REF	REFERENCE_RAW_ATOM	RAW_SOURCE_EVIDENCE	주진단명 table1	EXACT_PAGE	347	False
F081	AST_F081_N003	TABLE_REF	REFERENCE_RAW_ATOM	RAW_SOURCE_EVIDENCE	시술명 table3	EXACT_PAGE	347	False
F081	AST_F081_N001	AND	STRUCTURAL_SOURCE_FRAGMENT	STRUCTURAL_AST_FRAGMENT	주진단명 table1 and 시술명 table3	EXACT_PAGE	349	False
F082	AST_F082_N002	TABLE_REF	REFERENCE_RAW_ATOM	RAW_SOURCE_EVIDENCE	주진단명 table2	EXACT_PAGE	349	False
F082	AST_F082_N003	TABLE_REF	REFERENCE_RAW_ATOM	RAW_SOURCE_EVIDENCE	시술명 table3	EXACT_PAGE	347	False
F082	AST_F082_N001	AND	STRUCTURAL_SOURCE_FRAGMENT	STRUCTURAL_AST_FRAGMENT	주진단명 table2 and 시술명 table3	EXACT_PAGE	349	False
F083	AST_F083_N002	TABLE_REF	REFERENCE_RAW_ATOM	RAW_SOURCE_EVIDENCE	주진단명 table1	EXACT_PAGE	347	False
F083	AST_F083_N003	TABLE_REF	REFERENCE_RAW_ATOM	RAW_SOURCE_EVIDENCE	시술명 table2	EXACT_PAGE	347	False
F083	AST_F083_N001	AND	STRUCTURAL_SOURCE_FRAGMENT	STRUCTURAL_AST_FRAGMENT	주진단명 table1 and 시술명 table2	EXACT_PAGE	347	False
F084	AST_F084_N002	TABLE_REF	REFERENCE_RAW_ATOM	RAW_SOURCE_EVIDENCE	주진단명 table1	EXACT_PAGE	349	False
F084	AST_F084_N003	TABLE_REF	REFERENCE_RAW_ATOM	RAW_SOURCE_EVIDENCE	시술명 table2	EXACT_PAGE	349	False
F084	AST_F084_N001	AND	STRUCTURAL_SOURCE_FRAGMENT	STRUCTURAL_AST_FRAGMENT	주진단명 table1 and 시술명 table2	EXACT_PAGE	349	False
F091	AST_F091_N003	TABLE_REF	REFERENCE_RAW_ATOM	RAW_SOURCE_EVIDENCE	주진단명 table1	EXACT_PAGE	349	False
F091	AST_F091_N004	TABLE_REF	REFERENCE_RAW_ATOM	RAW_SOURCE_EVIDENCE	시술명 table2	EXACT_PAGE	349	False
F091	AST_F091_N005	TABLE_REF	REFERENCE_RAW_ATOM	RAW_SOURCE_EVIDENCE	시술명 table3	EXACT_PAGE	349	False
F091	AST_F091_N007	TABLE_REF	REFERENCE_RAW_ATOM	RAW_SOURCE_EVIDENCE	주진단명 table1	EXACT_PAGE	349	False
F091	AST_F091_N008	TABLE_REF	REFERENCE_RAW_ATOM	RAW_SOURCE_EVIDENCE	시술명 table2	EXACT_PAGE	349	False
F091	AST_F091_N009	TABLE_REF	REFERENCE_RAW_ATOM	RAW_SOURCE_EVIDENCE	시술명 table3	EXACT_PAGE	349	False
F091	AST_F091_N010	TABLE_REF	REFERENCE_RAW_ATOM	RAW_SOURCE_EVIDENCE	시술명 table4	EXACT_PAGE	350	False
F091	AST_F091_N001	OR	STRUCTURAL_SOURCE_FRAGMENT	STRUCTURAL_AST_FRAGMENT	(주진단명 table1 and 시술명 table2 and 시술명 table3) or (주진단명 table1 and 시술명 table2 and 시술명 table3 and 시술명 table4)	EXACT_PAGE	350	False
F091	AST_F091_N002	AND	STRUCTURAL_SOURCE_FRAGMENT	STRUCTURAL_AST_FRAGMENT	주진단명 table1 and 시술명 table2 and 시술명 table3	EXACT_PAGE	350	False
F091	AST_F091_N006	AND	STRUCTURAL_SOURCE_FRAGMENT	STRUCTURAL_AST_FRAGMENT	주진단명 table1 and 시술명 table2 and 시술명 table3 and 시술명 table4	EXACT_PAGE	350	False
F103	AST_F103_N002	TABLE_REF	REFERENCE_RAW_ATOM	RAW_SOURCE_EVIDENCE	시술명 table1	EXACT_PAGE	351	False
F103	AST_F103_N003	TABLE_REF	REFERENCE_RAW_ATOM	RAW_SOURCE_EVIDENCE	시술명 table4	EXACT_PAGE	350	False
F103	AST_F103_N001	AND	STRUCTURAL_SOURCE_FRAGMENT	STRUCTURAL_AST_FRAGMENT	시술명 table1 and 시술명 table4	EXACT_PAGE	351	False
F111	AST_F111_N002	TABLE_REF	REFERENCE_RAW_ATOM	RAW_SOURCE_EVIDENCE	주진단명 table1	EXACT_PAGE	350	False
F111	AST_F111_N003	TABLE_REF	REFERENCE_RAW_ATOM	RAW_SOURCE_EVIDENCE	시술명 table2	EXACT_PAGE	350	False
F111	AST_F111_N004	TABLE_REF	REFERENCE_RAW_ATOM	RAW_SOURCE_EVIDENCE	시술명 table3	EXACT_PAGE	350	False
F111	AST_F111_N001	AND	STRUCTURAL_SOURCE_FRAGMENT	STRUCTURAL_AST_FRAGMENT	주진단명 table1 and 시술명 table2 and 시술명 table3	EXACT_PAGE	350	False
F112	AST_F112_N002	TABLE_REF	REFERENCE_RAW_ATOM	RAW_SOURCE_EVIDENCE	주진단명 table1	EXACT_PAGE	350	False
F112	AST_F112_N003	TABLE_REF	REFERENCE_RAW_ATOM	RAW_SOURCE_EVIDENCE	시술명 table2	EXACT_PAGE	350	False
F112	AST_F112_N006	TABLE_REF	REFERENCE_RAW_ATOM	RAW_SOURCE_EVIDENCE	시술명 table3	EXACT_PAGE	350	False
F112	AST_F112_N007	TABLE_REF	REFERENCE_RAW_ATOM	RAW_SOURCE_EVIDENCE	시술명 table4	EXACT_PAGE	350	False
F112	AST_F112_N009	TABLE_REF	REFERENCE_RAW_ATOM	RAW_SOURCE_EVIDENCE	시술명 table3	EXACT_PAGE	350	False
F112	AST_F112_N010	TABLE_REF	REFERENCE_RAW_ATOM	RAW_SOURCE_EVIDENCE	부가코드	EXACT_PAGE	352	False
F112	AST_F112_N001	AND	STRUCTURAL_SOURCE_FRAGMENT	STRUCTURAL_AST_FRAGMENT	주진단명 table1 and 시술명 table2 and ((시술명 table3 and 시술명 table4) or (시술명 table3 and 부가코드))	NOT_FOUND		False
F112	AST_F112_N004	OR	STRUCTURAL_SOURCE_FRAGMENT	STRUCTURAL_AST_FRAGMENT	(시술명 table3 and 시술명 table4) or (시술명 table3 and 부가코드)	EXACT_PAGE	352	False
F112	AST_F112_N005	AND	STRUCTURAL_SOURCE_FRAGMENT	STRUCTURAL_AST_FRAGMENT	시술명 table3 and 시술명 table4	EXACT_PAGE	350	False
F112	AST_F112_N008	AND	STRUCTURAL_SOURCE_FRAGMENT	STRUCTURAL_AST_FRAGMENT	시술명 table3 and 부가코드	EXACT_PAGE	352	False
F121	AST_F121_N002	TABLE_REF	REFERENCE_RAW_ATOM	RAW_SOURCE_EVIDENCE	주진단명 table1	EXACT_PAGE	352	False
F121	AST_F121_N003	TABLE_REF	REFERENCE_RAW_ATOM	RAW_SOURCE_EVIDENCE	시술명 table2	EXACT_PAGE	351	False
F121	AST_F121_N001	AND	STRUCTURAL_SOURCE_FRAGMENT	STRUCTURAL_AST_FRAGMENT	주진단명 table1 and 시술명 table2	EXACT_PAGE	352	False
F122	AST_F122_N002	TABLE_REF	REFERENCE_RAW_ATOM	RAW_SOURCE_EVIDENCE	주진단명 table1	EXACT_PAGE	352	False
F122	AST_F122_N005	TABLE_REF	REFERENCE_RAW_ATOM	RAW_SOURCE_EVIDENCE	시술명 table2	EXACT_PAGE	351	False
F122	AST_F122_N006	TABLE_REF	REFERENCE_RAW_ATOM	RAW_SOURCE_EVIDENCE	시술명 table3	EXACT_PAGE	351	False
F122	AST_F122_N008	TABLE_REF	REFERENCE_RAW_ATOM	RAW_SOURCE_EVIDENCE	시술명 table2	EXACT_PAGE	351	False
F122	AST_F122_N009	TABLE_REF	REFERENCE_RAW_ATOM	RAW_SOURCE_EVIDENCE	부가코드	EXACT_PAGE	352	False
F122	AST_F122_N001	AND	STRUCTURAL_SOURCE_FRAGMENT	STRUCTURAL_AST_FRAGMENT	주진단명 table1 and ((시술명 table2 and 시술명 table3) or (시술명 table2 and 부가코드))	NOT_FOUND		False
F122	AST_F122_N003	OR	STRUCTURAL_SOURCE_FRAGMENT	STRUCTURAL_AST_FRAGMENT	(시술명 table2 and 시술명 table3) or (시술명 table2 and 부가코드)	EXACT_PAGE	353	False
F122	AST_F122_N004	AND	STRUCTURAL_SOURCE_FRAGMENT	STRUCTURAL_AST_FRAGMENT	시술명 table2 and 시술명 table3	EXACT_PAGE	352	False
F122	AST_F122_N007	AND	STRUCTURAL_SOURCE_FRAGMENT	STRUCTURAL_AST_FRAGMENT	시술명 table2 and 부가코드	EXACT_PAGE	353	False
F133	AST_F133_N002	TABLE_REF	REFERENCE_RAW_ATOM	RAW_SOURCE_EVIDENCE	시술명 table1	EXACT_PAGE	354	False
F133	AST_F133_N003	TABLE_REF	REFERENCE_RAW_ATOM	RAW_SOURCE_EVIDENCE	주진단명 table1	EXACT_PAGE	352	False
F133	AST_F133_N001	EXCLUSION	STRUCTURAL_SOURCE_FRAGMENT	STRUCTURAL_AST_FRAGMENT	시술명 table1 without 주진단명 table1	EXACT_PAGE	354	False
F134	AST_F134_N002	TABLE_REF	REFERENCE_RAW_ATOM	RAW_SOURCE_EVIDENCE	시술명 table3	EXACT_PAGE	352	False
F134	AST_F134_N003	TABLE_REF	REFERENCE_RAW_ATOM	RAW_SOURCE_EVIDENCE	주진단명 table1	EXACT_PAGE	352	False
F134	AST_F134_N001	EXCLUSION	STRUCTURAL_SOURCE_FRAGMENT	STRUCTURAL_AST_FRAGMENT	시술명 table3 without 주진단명 table1	EXACT_PAGE	354	False
F135	AST_F135_N004	TABLE_REF	REFERENCE_RAW_ATOM	RAW_SOURCE_EVIDENCE	시술명 table1	EXACT_PAGE	354	False
F135	AST_F135_N005	TABLE_REF	REFERENCE_RAW_ATOM	RAW_SOURCE_EVIDENCE	시술명 table2	EXACT_PAGE	352	False
F135	AST_F135_N007	TABLE_REF	REFERENCE_RAW_ATOM	RAW_SOURCE_EVIDENCE	시술명 table1	EXACT_PAGE	354	False
F135	AST_F135_N008	TABLE_REF	REFERENCE_RAW_ATOM	RAW_SOURCE_EVIDENCE	부가코드	EXACT_PAGE	352	False
F135	AST_F135_N009	TABLE_REF	REFERENCE_RAW_ATOM	RAW_SOURCE_EVIDENCE	주진단명 table1	EXACT_PAGE	352	False
F135	AST_F135_N001	EXCLUSION	STRUCTURAL_SOURCE_FRAGMENT	STRUCTURAL_AST_FRAGMENT	((시술명 table1 and 시술명 table2) or (시술명 table1 and 부가코드)) without 주진단명 table1	NOT_FOUND		False
F135	AST_F135_N002	OR	STRUCTURAL_SOURCE_FRAGMENT	STRUCTURAL_AST_FRAGMENT	(시술명 table1 and 시술명 table2) or (시술명 table1 and 부가코드)	EXACT_PAGE	354	False
F135	AST_F135_N003	AND	STRUCTURAL_SOURCE_FRAGMENT	STRUCTURAL_AST_FRAGMENT	시술명 table1 and 시술명 table2	EXACT_PAGE	354	False
F135	AST_F135_N006	AND	STRUCTURAL_SOURCE_FRAGMENT	STRUCTURAL_AST_FRAGMENT	시술명 table1 and 부가코드	EXACT_PAGE	354	False
F136	AST_F136_N003	TABLE_REF	REFERENCE_RAW_ATOM	RAW_SOURCE_EVIDENCE	시술명 table3	EXACT_PAGE	352	False
F136	AST_F136_N005	TABLE_REF	REFERENCE_RAW_ATOM	RAW_SOURCE_EVIDENCE	시술명 table1	EXACT_PAGE	354	False
F136	AST_F136_N006	TABLE_REF	REFERENCE_RAW_ATOM	RAW_SOURCE_EVIDENCE	시술명 table2	EXACT_PAGE	352	False
F136	AST_F136_N007	TABLE_REF	REFERENCE_RAW_ATOM	RAW_SOURCE_EVIDENCE	주진단명 table1	EXACT_PAGE	352	False
F136	AST_F136_N001	EXCLUSION	STRUCTURAL_SOURCE_FRAGMENT	STRUCTURAL_AST_FRAGMENT	(시술명 table3 and (시술명 table1 or 시술명 table2)) without 주진단명 table1	NOT_FOUND		False
F136	AST_F136_N002	AND	STRUCTURAL_SOURCE_FRAGMENT	STRUCTURAL_AST_FRAGMENT	시술명 table3 and (시술명 table1 or 시술명 table2)	EXACT_PAGE	354	False
F136	AST_F136_N004	OR	STRUCTURAL_SOURCE_FRAGMENT	STRUCTURAL_AST_FRAGMENT	시술명 table1 or 시술명 table2	EXACT_PAGE	354	False
F171	AST_F171_N002	TABLE_REF	REFERENCE_RAW_ATOM	RAW_SOURCE_EVIDENCE	주진단명 table1	EXACT_PAGE	354	False
F171	AST_F171_N003	TABLE_REF	REFERENCE_RAW_ATOM	RAW_SOURCE_EVIDENCE	시술명 table2	EXACT_PAGE	354	False
F171	AST_F171_N001	AND	STRUCTURAL_SOURCE_FRAGMENT	STRUCTURAL_AST_FRAGMENT	주진단명 table1 and 시술명 table2	EXACT_PAGE	356	False
F172	AST_F172_N002	TABLE_REF	REFERENCE_RAW_ATOM	RAW_SOURCE_EVIDENCE	주진단명 table1	EXACT_PAGE	356	False
F172	AST_F172_N003	TABLE_REF	REFERENCE_RAW_ATOM	RAW_SOURCE_EVIDENCE	시술명 table2	EXACT_PAGE	355	False
F172	AST_F172_N004	TABLE_REF	REFERENCE_RAW_ATOM	RAW_SOURCE_EVIDENCE	시술명 table3	EXACT_PAGE	355	False
F172	AST_F172_N001	AND	STRUCTURAL_SOURCE_FRAGMENT	STRUCTURAL_AST_FRAGMENT	주진단명 table1 and 시술명 table2 and 시술명 table3	EXACT_PAGE	357	False
F181	AST_F181_N002	TABLE_REF	REFERENCE_RAW_ATOM	RAW_SOURCE_EVIDENCE	주진단명 table1	EXACT_PAGE	356	False
F181	AST_F181_N003	TABLE_REF	REFERENCE_RAW_ATOM	RAW_SOURCE_EVIDENCE	시술명 table3	EXACT_PAGE	357	False
F181	AST_F181_N001	AND	STRUCTURAL_SOURCE_FRAGMENT	STRUCTURAL_AST_FRAGMENT	주진단명 table1 and 시술명 table3	EXACT_PAGE	358	False
F182	AST_F182_N002	TABLE_REF	REFERENCE_RAW_ATOM	RAW_SOURCE_EVIDENCE	주진단명 table2	EXACT_PAGE	358	False
F182	AST_F182_N003	TABLE_REF	REFERENCE_RAW_ATOM	RAW_SOURCE_EVIDENCE	시술명 table3	EXACT_PAGE	357	False
F182	AST_F182_N001	AND	STRUCTURAL_SOURCE_FRAGMENT	STRUCTURAL_AST_FRAGMENT	주진단명 table2 and 시술명 table3	EXACT_PAGE	358	False
F192	AST_F192_N002	TABLE_REF	REFERENCE_RAW_ATOM	RAW_SOURCE_EVIDENCE	주진단명 table1	EXACT_PAGE	357	False
F192	AST_F192_N003	TABLE_REF	REFERENCE_RAW_ATOM	RAW_SOURCE_EVIDENCE	시술명 table2	EXACT_PAGE	357	False
F192	AST_F192_N001	AND	STRUCTURAL_SOURCE_FRAGMENT	STRUCTURAL_AST_FRAGMENT	주진단명 table1 and 시술명 table2	EXACT_PAGE	357	False
F193	AST_F193_N002	TABLE_REF	REFERENCE_RAW_ATOM	RAW_SOURCE_EVIDENCE	주진단명 table1	EXACT_PAGE	357	False
F193	AST_F193_N003	TABLE_REF	REFERENCE_RAW_ATOM	RAW_SOURCE_EVIDENCE	시술명 table2	EXACT_PAGE	357	False
F193	AST_F193_N001	AND	STRUCTURAL_SOURCE_FRAGMENT	STRUCTURAL_AST_FRAGMENT	주진단명 table1 and 시술명 table2	EXACT_PAGE	357	False
F194	AST_F194_N002	TABLE_REF	REFERENCE_RAW_ATOM	RAW_SOURCE_EVIDENCE	주진단명 table1	EXACT_PAGE	358	False
F194	AST_F194_N004	TEXT_CONDITION	REFERENCE_RAW_ATOM	RAW_SOURCE_EVIDENCE	시술명 table2	EXACT_PAGE	359	False
F194	AST_F194_N006	TABLE_REF	REFERENCE_RAW_ATOM	RAW_SOURCE_EVIDENCE	시술명 table2	EXACT_PAGE	359	False
F194	AST_F194_N007	TABLE_REF	REFERENCE_RAW_ATOM	RAW_SOURCE_EVIDENCE	부가코드	EXACT_PAGE	360	False
F194	AST_F194_N001	AND	STRUCTURAL_SOURCE_FRAGMENT	STRUCTURAL_AST_FRAGMENT	주진단명 table1 and ((At least 2 procedures in 시술명 table2) or (시술명 table2 and 부가코드))	NOT_FOUND		False
F194	AST_F194_N003	OR	STRUCTURAL_SOURCE_FRAGMENT	STRUCTURAL_AST_FRAGMENT	(At least 2 procedures in 시술명 table2) or (시술명 table2 and 부가코드)	EXACT_PAGE	360	False
F194	AST_F194_N005	AND	STRUCTURAL_SOURCE_FRAGMENT	STRUCTURAL_AST_FRAGMENT	시술명 table2 and 부가코드	EXACT_PAGE	360	False
F195	AST_F195_N002	TABLE_REF	REFERENCE_RAW_ATOM	RAW_SOURCE_EVIDENCE	주진단명 table1	EXACT_PAGE	358	False
F195	AST_F195_N003	TABLE_REF	REFERENCE_RAW_ATOM	RAW_SOURCE_EVIDENCE	시술명 table2	EXACT_PAGE	359	False
F195	AST_F195_N001	AND	STRUCTURAL_SOURCE_FRAGMENT	STRUCTURAL_AST_FRAGMENT	주진단명 table1 and 시술명 table2	EXACT_PAGE	359	False
F253	AST_F253_N002	TEXT_CONDITION	REFERENCE_RAW_ATOM	RAW_SOURCE_EVIDENCE	시술명 table1	EXACT_PAGE	338	False
F253	AST_F253_N004	TABLE_REF	REFERENCE_RAW_ATOM	RAW_SOURCE_EVIDENCE	시술명 table1	EXACT_PAGE	338	False
F253	AST_F253_N005	TABLE_REF	REFERENCE_RAW_ATOM	RAW_SOURCE_EVIDENCE	부가코드	EXACT_PAGE	364	False
F253	AST_F253_N001	OR	STRUCTURAL_SOURCE_FRAGMENT	STRUCTURAL_AST_FRAGMENT	(At least 2 procedures in 시술명 table1) or (시술명 table1 and 부가코드)	EXACT_PAGE	364	False
F253	AST_F253_N003	AND	STRUCTURAL_SOURCE_FRAGMENT	STRUCTURAL_AST_FRAGMENT	시술명 table1 and 부가코드	EXACT_PAGE	364	False
F600	AST_F600_N002	TABLE_REF	REFERENCE_RAW_ATOM	RAW_SOURCE_EVIDENCE	주진단명 table1	EXACT_PAGE	344	False
F600	AST_F600_N004	TABLE_REF	REFERENCE_RAW_ATOM	RAW_SOURCE_EVIDENCE	주진단명 table2	EXACT_PAGE	368	False
F600	AST_F600_N005	TABLE_REF	REFERENCE_RAW_ATOM	RAW_SOURCE_EVIDENCE	기타진단명 table3	EXACT_PAGE	368	False
F600	AST_F600_N001	OR	STRUCTURAL_SOURCE_FRAGMENT	STRUCTURAL_AST_FRAGMENT	주진단명 table1 or (주진단명 table2 and 기타진단명 table3)	EXACT_PAGE	368	False
F600	AST_F600_N003	AND	STRUCTURAL_SOURCE_FRAGMENT	STRUCTURAL_AST_FRAGMENT	주진단명 table2 and 기타진단명 table3	EXACT_PAGE	368	False
F651	AST_F651_N002	TABLE_REF	REFERENCE_RAW_ATOM	RAW_SOURCE_EVIDENCE	주진단명 table1	EXACT_PAGE	344	False
F651	AST_F651_N003	TABLE_REF	REFERENCE_RAW_ATOM	RAW_SOURCE_EVIDENCE	시술명 table2	EXACT_PAGE	344	False
F651	AST_F651_N001	AND	STRUCTURAL_SOURCE_FRAGMENT	STRUCTURAL_AST_FRAGMENT	주진단명 table1 and 시술명 table2	EXACT_PAGE	344	False
G021	AST_G021_N002	TABLE_REF	REFERENCE_RAW_ATOM	RAW_SOURCE_EVIDENCE	시술명 table1	EXACT_PAGE	408	False
G021	AST_G021_N003	TABLE_REF	REFERENCE_RAW_ATOM	RAW_SOURCE_EVIDENCE	부가코드	EXACT_PAGE	408	False
G021	AST_G021_N001	AND	STRUCTURAL_SOURCE_FRAGMENT	STRUCTURAL_AST_FRAGMENT	시술명 table1 and 부가코드	EXACT_PAGE	408	False
G031	AST_G031_N002	TABLE_REF	REFERENCE_RAW_ATOM	RAW_SOURCE_EVIDENCE	시술명 table1	EXACT_PAGE	408	False
G031	AST_G031_N003	TABLE_REF	REFERENCE_RAW_ATOM	RAW_SOURCE_EVIDENCE	부가코드	EXACT_PAGE	408	False
G031	AST_G031_N001	AND	STRUCTURAL_SOURCE_FRAGMENT	STRUCTURAL_AST_FRAGMENT	시술명 table1 and 부가코드	EXACT_PAGE	408	False
G041	AST_G041_N002	TABLE_REF	REFERENCE_RAW_ATOM	RAW_SOURCE_EVIDENCE	주진단명 table1	EXACT_PAGE	409	False
G041	AST_G041_N003	TABLE_REF	REFERENCE_RAW_ATOM	RAW_SOURCE_EVIDENCE	시술명 table2	EXACT_PAGE	409	False
G041	AST_G041_N001	AND	STRUCTURAL_SOURCE_FRAGMENT	STRUCTURAL_AST_FRAGMENT	주진단명 table1 and 시술명 table2	EXACT_PAGE	409	False
G071	AST_G071_N002	TABLE_REF	REFERENCE_RAW_ATOM	RAW_SOURCE_EVIDENCE	시술명 table1	EXACT_PAGE	408	False
G071	AST_G071_N003	TABLE_REF	REFERENCE_RAW_ATOM	RAW_SOURCE_EVIDENCE	부가코드	EXACT_PAGE	408	False
G071	AST_G071_N001	AND	STRUCTURAL_SOURCE_FRAGMENT	STRUCTURAL_AST_FRAGMENT	시술명 table1 and 부가코드	EXACT_PAGE	408	False
G081	AST_G081_N002	TABLE_REF	REFERENCE_RAW_ATOM	RAW_SOURCE_EVIDENCE	시술명 table1	EXACT_PAGE	408	False
G081	AST_G081_N003	TABLE_REF	REFERENCE_RAW_ATOM	RAW_SOURCE_EVIDENCE	부가코드	EXACT_PAGE	408	False
G081	AST_G081_N001	AND	STRUCTURAL_SOURCE_FRAGMENT	STRUCTURAL_AST_FRAGMENT	시술명 table1 and 부가코드	EXACT_PAGE	408	False
G091	AST_G091_N002	TABLE_REF	REFERENCE_RAW_ATOM	RAW_SOURCE_EVIDENCE	시술명 table1	EXACT_PAGE	409	False
G091	AST_G091_N003	TABLE_REF	REFERENCE_RAW_ATOM	RAW_SOURCE_EVIDENCE	부가코드	EXACT_PAGE	409	False
G091	AST_G091_N001	AND	STRUCTURAL_SOURCE_FRAGMENT	STRUCTURAL_AST_FRAGMENT	시술명 table1 and 부가코드	EXACT_PAGE	410	False
G093	AST_G093_N002	TABLE_REF	REFERENCE_RAW_ATOM	RAW_SOURCE_EVIDENCE	시술명 table2	EXACT_PAGE	409	False
G093	AST_G093_N003	TABLE_REF	REFERENCE_RAW_ATOM	RAW_SOURCE_EVIDENCE	부가코드	EXACT_PAGE	409	False
G093	AST_G093_N001	AND	STRUCTURAL_SOURCE_FRAGMENT	STRUCTURAL_AST_FRAGMENT	시술명 table2 and 부가코드	EXACT_PAGE	411	False
G101	AST_G101_N002	TABLE_REF	REFERENCE_RAW_ATOM	RAW_SOURCE_EVIDENCE	시술명 table1	EXACT_PAGE	410	False
G101	AST_G101_N003	TABLE_REF	REFERENCE_RAW_ATOM	RAW_SOURCE_EVIDENCE	부가코드	EXACT_PAGE	410	False
G101	AST_G101_N001	AND	STRUCTURAL_SOURCE_FRAGMENT	STRUCTURAL_AST_FRAGMENT	시술명 table1 and 부가코드	EXACT_PAGE	410	False
G111	AST_G111_N002	TABLE_REF	REFERENCE_RAW_ATOM	RAW_SOURCE_EVIDENCE	시술명 table1	EXACT_PAGE	410	False
G111	AST_G111_N003	TABLE_REF	REFERENCE_RAW_ATOM	RAW_SOURCE_EVIDENCE	부가코드	EXACT_PAGE	410	False
G111	AST_G111_N001	AND	STRUCTURAL_SOURCE_FRAGMENT	STRUCTURAL_AST_FRAGMENT	시술명 table1 and 부가코드	EXACT_PAGE	410	False
G121	AST_G121_N002	TABLE_REF	REFERENCE_RAW_ATOM	RAW_SOURCE_EVIDENCE	시술명 table1	EXACT_PAGE	411	False
G121	AST_G121_N003	TABLE_REF	REFERENCE_RAW_ATOM	RAW_SOURCE_EVIDENCE	부가코드	EXACT_PAGE	411	False
G121	AST_G121_N001	AND	STRUCTURAL_SOURCE_FRAGMENT	STRUCTURAL_AST_FRAGMENT	시술명 table1 and 부가코드	EXACT_PAGE	411	False
G131	AST_G131_N002	TABLE_REF	REFERENCE_RAW_ATOM	RAW_SOURCE_EVIDENCE	시술명 table1	EXACT_PAGE	411	False
G131	AST_G131_N003	TABLE_REF	REFERENCE_RAW_ATOM	RAW_SOURCE_EVIDENCE	부가코드	EXACT_PAGE	411	False
G131	AST_G131_N001	AND	STRUCTURAL_SOURCE_FRAGMENT	STRUCTURAL_AST_FRAGMENT	시술명 table1 and 부가코드	EXACT_PAGE	411	False
G141	AST_G141_N002	TABLE_REF	REFERENCE_RAW_ATOM	RAW_SOURCE_EVIDENCE	시술명 table1	EXACT_PAGE	412	False
G141	AST_G141_N003	TABLE_REF	REFERENCE_RAW_ATOM	RAW_SOURCE_EVIDENCE	부가코드	EXACT_PAGE	412	False
G141	AST_G141_N001	AND	STRUCTURAL_SOURCE_FRAGMENT	STRUCTURAL_AST_FRAGMENT	시술명 table1 and 부가코드	EXACT_PAGE	412	False
G151	AST_G151_N002	TABLE_REF	REFERENCE_RAW_ATOM	RAW_SOURCE_EVIDENCE	시술명 table1	EXACT_PAGE	412	False
G151	AST_G151_N003	TABLE_REF	REFERENCE_RAW_ATOM	RAW_SOURCE_EVIDENCE	부가코드	EXACT_PAGE	412	False
G151	AST_G151_N001	AND	STRUCTURAL_SOURCE_FRAGMENT	STRUCTURAL_AST_FRAGMENT	시술명 table1 and 부가코드	EXACT_PAGE	412	False
G171	AST_G171_N002	TABLE_REF	REFERENCE_RAW_ATOM	RAW_SOURCE_EVIDENCE	시술명 table1	EXACT_PAGE	413	False
G171	AST_G171_N003	TABLE_REF	REFERENCE_RAW_ATOM	RAW_SOURCE_EVIDENCE	부가코드	EXACT_PAGE	413	False
G171	AST_G171_N001	AND	STRUCTURAL_SOURCE_FRAGMENT	STRUCTURAL_AST_FRAGMENT	시술명 table1 and 부가코드	EXACT_PAGE	413	False
G201	AST_G201_N002	TABLE_REF	REFERENCE_RAW_ATOM	RAW_SOURCE_EVIDENCE	시술명 table1	EXACT_PAGE	415	False
G201	AST_G201_N003	TABLE_REF	REFERENCE_RAW_ATOM	RAW_SOURCE_EVIDENCE	부가코드	EXACT_PAGE	415	False
G201	AST_G201_N001	AND	STRUCTURAL_SOURCE_FRAGMENT	STRUCTURAL_AST_FRAGMENT	시술명 table1 and 부가코드	EXACT_PAGE	415	False
G203	AST_G203_N002	TABLE_REF	REFERENCE_RAW_ATOM	RAW_SOURCE_EVIDENCE	시술명 table2	EXACT_PAGE	417	False
G203	AST_G203_N003	TABLE_REF	REFERENCE_RAW_ATOM	RAW_SOURCE_EVIDENCE	부가코드	EXACT_PAGE	415	False
G203	AST_G203_N001	AND	STRUCTURAL_SOURCE_FRAGMENT	STRUCTURAL_AST_FRAGMENT	시술명 table2 and 부가코드	EXACT_PAGE	417	False
G211	AST_G211_N002	TABLE_REF	REFERENCE_RAW_ATOM	RAW_SOURCE_EVIDENCE	주진단명 table1	EXACT_PAGE	417	False
G211	AST_G211_N003	TABLE_REF	REFERENCE_RAW_ATOM	RAW_SOURCE_EVIDENCE	시술명 table2	EXACT_PAGE	417	False
G211	AST_G211_N004	TABLE_REF	REFERENCE_RAW_ATOM	RAW_SOURCE_EVIDENCE	부가코드	EXACT_PAGE	415	False
G211	AST_G211_N001	AND	STRUCTURAL_SOURCE_FRAGMENT	STRUCTURAL_AST_FRAGMENT	주진단명 table1 and 시술명 table2 and 부가코드	EXACT_PAGE	417	False
G212	AST_G212_N002	TABLE_REF	REFERENCE_RAW_ATOM	RAW_SOURCE_EVIDENCE	시술명 table2	EXACT_PAGE	417	False
G212	AST_G212_N003	TABLE_REF	REFERENCE_RAW_ATOM	RAW_SOURCE_EVIDENCE	부가코드	EXACT_PAGE	415	False
G212	AST_G212_N001	AND	STRUCTURAL_SOURCE_FRAGMENT	STRUCTURAL_AST_FRAGMENT	시술명 table2 and 부가코드	EXACT_PAGE	417	False
G213	AST_G213_N002	TABLE_REF	REFERENCE_RAW_ATOM	RAW_SOURCE_EVIDENCE	주진단명 table1	EXACT_PAGE	417	False
G213	AST_G213_N003	TABLE_REF	REFERENCE_RAW_ATOM	RAW_SOURCE_EVIDENCE	시술명 table2	EXACT_PAGE	417	False
G213	AST_G213_N001	AND	STRUCTURAL_SOURCE_FRAGMENT	STRUCTURAL_AST_FRAGMENT	주진단명 table1 and 시술명 table2	EXACT_PAGE	417	False
G221	AST_G221_N002	TABLE_REF	REFERENCE_RAW_ATOM	RAW_SOURCE_EVIDENCE	시술명 table1	EXACT_PAGE	417	False
G221	AST_G221_N003	TABLE_REF	REFERENCE_RAW_ATOM	RAW_SOURCE_EVIDENCE	부가코드1	EXACT_PAGE	418	False
G221	AST_G221_N001	AND	STRUCTURAL_SOURCE_FRAGMENT	STRUCTURAL_AST_FRAGMENT	시술명 table1 and 부가코드1	EXACT_PAGE	418	False
G222	AST_G222_N002	TABLE_REF	REFERENCE_RAW_ATOM	RAW_SOURCE_EVIDENCE	시술명 table1	EXACT_PAGE	417	False
G222	AST_G222_N003	TABLE_REF	REFERENCE_RAW_ATOM	RAW_SOURCE_EVIDENCE	부가코드1	EXACT_PAGE	418	False
G222	AST_G222_N004	TABLE_REF	REFERENCE_RAW_ATOM	RAW_SOURCE_EVIDENCE	부가코드2	EXACT_PAGE	418	False
G222	AST_G222_N001	AND	STRUCTURAL_SOURCE_FRAGMENT	STRUCTURAL_AST_FRAGMENT	시술명 table1 and 부가코드1 and 부가코드2	EXACT_PAGE	418	False
G224	AST_G224_N002	TABLE_REF	REFERENCE_RAW_ATOM	RAW_SOURCE_EVIDENCE	시술명 table1	EXACT_PAGE	417	False
G224	AST_G224_N003	TABLE_REF	REFERENCE_RAW_ATOM	RAW_SOURCE_EVIDENCE	부가코드2	EXACT_PAGE	418	False
G224	AST_G224_N001	AND	STRUCTURAL_SOURCE_FRAGMENT	STRUCTURAL_AST_FRAGMENT	시술명 table1 and 부가코드2	EXACT_PAGE	418	False
G241	AST_G241_N002	TABLE_REF	REFERENCE_RAW_ATOM	RAW_SOURCE_EVIDENCE	시술명 table1	EXACT_PAGE	417	False
G241	AST_G241_N003	TABLE_REF	REFERENCE_RAW_ATOM	RAW_SOURCE_EVIDENCE	부가코드1	EXACT_PAGE	418	False
G241	AST_G241_N001	AND	STRUCTURAL_SOURCE_FRAGMENT	STRUCTURAL_AST_FRAGMENT	시술명 table1 and 부가코드1	EXACT_PAGE	418	False
G242	AST_G242_N002	TABLE_REF	REFERENCE_RAW_ATOM	RAW_SOURCE_EVIDENCE	시술명 table1	EXACT_PAGE	417	False
G242	AST_G242_N003	TABLE_REF	REFERENCE_RAW_ATOM	RAW_SOURCE_EVIDENCE	부가코드1	EXACT_PAGE	418	False
G242	AST_G242_N004	TABLE_REF	REFERENCE_RAW_ATOM	RAW_SOURCE_EVIDENCE	부가코드2	EXACT_PAGE	418	False
G242	AST_G242_N001	AND	STRUCTURAL_SOURCE_FRAGMENT	STRUCTURAL_AST_FRAGMENT	시술명 table1 and 부가코드1 and 부가코드2	EXACT_PAGE	418	False
G251	AST_G251_N002	TABLE_REF	REFERENCE_RAW_ATOM	RAW_SOURCE_EVIDENCE	주진단명 table1	EXACT_PAGE	418	False
G251	AST_G251_N003	TABLE_REF	REFERENCE_RAW_ATOM	RAW_SOURCE_EVIDENCE	시술명 table2	EXACT_PAGE	418	False
G251	AST_G251_N001	AND	STRUCTURAL_SOURCE_FRAGMENT	STRUCTURAL_AST_FRAGMENT	주진단명 table1 and 시술명 table2	EXACT_PAGE	418	False
G253	AST_G253_N002	TABLE_REF	REFERENCE_RAW_ATOM	RAW_SOURCE_EVIDENCE	시술명 table2	EXACT_PAGE	418	False
G253	AST_G253_N003	TABLE_REF	REFERENCE_RAW_ATOM	RAW_SOURCE_EVIDENCE	부가코드	EXACT_PAGE	418	False
G253	AST_G253_N001	AND	STRUCTURAL_SOURCE_FRAGMENT	STRUCTURAL_AST_FRAGMENT	시술명 table2 and 부가코드	EXACT_PAGE	420	False
G503	AST_G503_N002	TABLE_REF	REFERENCE_RAW_ATOM	RAW_SOURCE_EVIDENCE	주진단명 table1	EXACT_PAGE	429	False
G503	AST_G503_N003	TABLE_REF	REFERENCE_RAW_ATOM	RAW_SOURCE_EVIDENCE	시술명 table2	EXACT_PAGE	429	False
G503	AST_G503_N001	AND	STRUCTURAL_SOURCE_FRAGMENT	STRUCTURAL_AST_FRAGMENT	주진단명 table1 and 시술명 table2	EXACT_PAGE	429	False
G504	AST_G504_N003	TEXT_CONDITION	LEAF_SOURCE_FRAGMENT	RAW_SOURCE_EVIDENCE	MDC06의 주진단명	EXACT_PAGE	429	False
G504	AST_G504_N004	TABLE_REF	REFERENCE_RAW_ATOM	RAW_SOURCE_EVIDENCE	주진단명 table1	EXACT_PAGE	429	False
G504	AST_G504_N005	TABLE_REF	REFERENCE_RAW_ATOM	RAW_SOURCE_EVIDENCE	시술명 table2	EXACT_PAGE	429	False
G504	AST_G504_N001	AND	STRUCTURAL_SOURCE_FRAGMENT	STRUCTURAL_AST_FRAGMENT	주진단명 table1을 제외한 MDC06의 주진단명 and 시술명 table2	EXACT_PAGE	429	False
G504	AST_G504_N002	EXCLUSION	STRUCTURAL_SOURCE_FRAGMENT	STRUCTURAL_AST_FRAGMENT	주진단명 table1을 제외한 MDC06의 주진단명	EXACT_PAGE	429	False
G505	AST_G505_N002	TABLE_REF	REFERENCE_RAW_ATOM	RAW_SOURCE_EVIDENCE	시술명 table2	EXACT_PAGE	409	False
G505	AST_G505_N003	TEXT_CONDITION	LEAF_SOURCE_FRAGMENT	RAW_SOURCE_EVIDENCE	재원기간=1	EXACT_PAGE	429	False
G505	AST_G505_N001	AND	STRUCTURAL_SOURCE_FRAGMENT	STRUCTURAL_AST_FRAGMENT	시술명 table2 and 재원기간=1	EXACT_PAGE	429	False
G523	AST_G523_N002	TABLE_REF	REFERENCE_RAW_ATOM	RAW_SOURCE_EVIDENCE	주진단명 table1	EXACT_PAGE	409	False
G523	AST_G523_N003	TABLE_REF	REFERENCE_RAW_ATOM	RAW_SOURCE_EVIDENCE	시술명 table2	EXACT_PAGE	409	False
G523	AST_G523_N001	AND	STRUCTURAL_SOURCE_FRAGMENT	STRUCTURAL_AST_FRAGMENT	주진단명 table1 and 시술명 table2	EXACT_PAGE	409	False
G524	AST_G524_N003	TEXT_CONDITION	LEAF_SOURCE_FRAGMENT	RAW_SOURCE_EVIDENCE	MDC06의 주진단명	EXACT_PAGE	433	False
G524	AST_G524_N004	TABLE_REF	REFERENCE_RAW_ATOM	RAW_SOURCE_EVIDENCE	주진단명 table1	EXACT_PAGE	409	False
G524	AST_G524_N005	TABLE_REF	REFERENCE_RAW_ATOM	RAW_SOURCE_EVIDENCE	시술명 table2	EXACT_PAGE	409	False
G524	AST_G524_N001	AND	STRUCTURAL_SOURCE_FRAGMENT	STRUCTURAL_AST_FRAGMENT	주진단명 table1을 제외한 MDC06의 주진단명 and 시술명 table2	EXACT_PAGE	433	False
G524	AST_G524_N002	EXCLUSION	STRUCTURAL_SOURCE_FRAGMENT	STRUCTURAL_AST_FRAGMENT	주진단명 table1을 제외한 MDC06의 주진단명	EXACT_PAGE	433	False
G525	AST_G525_N002	TABLE_REF	REFERENCE_RAW_ATOM	RAW_SOURCE_EVIDENCE	시술명 table2	EXACT_PAGE	409	False
G525	AST_G525_N003	TEXT_CONDITION	LEAF_SOURCE_FRAGMENT	RAW_SOURCE_EVIDENCE	재원기간=1	EXACT_PAGE	433	False
G525	AST_G525_N001	AND	STRUCTURAL_SOURCE_FRAGMENT	STRUCTURAL_AST_FRAGMENT	시술명 table2 and 재원기간=1	EXACT_PAGE	433	False
G533	AST_G533_N002	TABLE_REF	REFERENCE_RAW_ATOM	RAW_SOURCE_EVIDENCE	주진단명 table1	EXACT_PAGE	409	False
G533	AST_G533_N003	TABLE_REF	REFERENCE_RAW_ATOM	RAW_SOURCE_EVIDENCE	시술명 table2	EXACT_PAGE	409	False
G533	AST_G533_N001	AND	STRUCTURAL_SOURCE_FRAGMENT	STRUCTURAL_AST_FRAGMENT	주진단명 table1 and 시술명 table2	EXACT_PAGE	409	False
G534	AST_G534_N003	TEXT_CONDITION	LEAF_SOURCE_FRAGMENT	RAW_SOURCE_EVIDENCE	MDC06의 주진단명	EXACT_PAGE	437	False
G534	AST_G534_N004	TABLE_REF	REFERENCE_RAW_ATOM	RAW_SOURCE_EVIDENCE	주진단명 table1	EXACT_PAGE	409	False
G534	AST_G534_N005	TABLE_REF	REFERENCE_RAW_ATOM	RAW_SOURCE_EVIDENCE	시술명 table2	EXACT_PAGE	409	False
G534	AST_G534_N001	AND	STRUCTURAL_SOURCE_FRAGMENT	STRUCTURAL_AST_FRAGMENT	주진단명 table1을 제외한 MDC06의 주진단명 and 시술명 table2	EXACT_PAGE	437	False
G534	AST_G534_N002	EXCLUSION	STRUCTURAL_SOURCE_FRAGMENT	STRUCTURAL_AST_FRAGMENT	주진단명 table1을 제외한 MDC06의 주진단명	EXACT_PAGE	437	False
G540	AST_G540_N002	TABLE_REF	REFERENCE_RAW_ATOM	RAW_SOURCE_EVIDENCE	시술명 table1	EXACT_PAGE	412	False
G540	AST_G540_N003	TABLE_REF	REFERENCE_RAW_ATOM	RAW_SOURCE_EVIDENCE	시술명 table2	EXACT_PAGE	417	False
G540	AST_G540_N004	TEXT_CONDITION	LEAF_SOURCE_FRAGMENT	RAW_SOURCE_EVIDENCE	재원기간 ≧2일	EXACT_PAGE	440	False
G540	AST_G540_N001	AND	STRUCTURAL_SOURCE_FRAGMENT	STRUCTURAL_AST_FRAGMENT	시술명 table1 and 시술명 table2 and 재원기간 ≧2일	EXACT_PAGE	440	False
G601	AST_G601_N002	TABLE_REF	REFERENCE_RAW_ATOM	RAW_SOURCE_EVIDENCE	주진단명 table1	EXACT_PAGE	417	False
G601	AST_G601_N003	TABLE_REF	REFERENCE_RAW_ATOM	RAW_SOURCE_EVIDENCE	시술명 table2	EXACT_PAGE	417	False
G601	AST_G601_N001	AND	STRUCTURAL_SOURCE_FRAGMENT	STRUCTURAL_AST_FRAGMENT	주진단명 table1 and 시술명 table2	EXACT_PAGE	417	False
G602	AST_G602_N002	TABLE_REF	REFERENCE_RAW_ATOM	RAW_SOURCE_EVIDENCE	주진단명 table1	EXACT_PAGE	417	False
G602	AST_G602_N004	TABLE_REF	REFERENCE_RAW_ATOM	RAW_SOURCE_EVIDENCE	시술명 table3	EXACT_PAGE	441	False
G602	AST_G602_N005	TABLE_REF	REFERENCE_RAW_ATOM	RAW_SOURCE_EVIDENCE	부가코드	EXACT_PAGE	413	False
G602	AST_G602_N001	AND	STRUCTURAL_SOURCE_FRAGMENT	STRUCTURAL_AST_FRAGMENT	주진단명 table1 and (시술명 table3 or 부가코드)	EXACT_PAGE	441	False
G602	AST_G602_N003	OR	STRUCTURAL_SOURCE_FRAGMENT	STRUCTURAL_AST_FRAGMENT	시술명 table3 or 부가코드	EXACT_PAGE	441	False
H010	AST_H010_N003	TABLE_REF	REFERENCE_RAW_ATOM	RAW_SOURCE_EVIDENCE	시술명 table1	EXACT_PAGE	469	False
H010	AST_H010_N004	TABLE_REF	REFERENCE_RAW_ATOM	RAW_SOURCE_EVIDENCE	시술명 table2	EXACT_PAGE	441	False
H010	AST_H010_N005	TABLE_REF	REFERENCE_RAW_ATOM	RAW_SOURCE_EVIDENCE	시술명 table3	EXACT_PAGE	441	False
H010	AST_H010_N001	OR	STRUCTURAL_SOURCE_FRAGMENT	STRUCTURAL_AST_FRAGMENT	(시술명 table1 and 시술명 table2) or 시술명 table3	EXACT_PAGE	469	False
H010	AST_H010_N002	AND	STRUCTURAL_SOURCE_FRAGMENT	STRUCTURAL_AST_FRAGMENT	시술명 table1 and 시술명 table2	EXACT_PAGE	469	False
H021	AST_H021_N002	TABLE_REF	REFERENCE_RAW_ATOM	RAW_SOURCE_EVIDENCE	시술명 table1	EXACT_PAGE	469	False
H021	AST_H021_N003	TABLE_REF	REFERENCE_RAW_ATOM	RAW_SOURCE_EVIDENCE	시술명 table3	EXACT_PAGE	441	False
H021	AST_H021_N001	AND	STRUCTURAL_SOURCE_FRAGMENT	STRUCTURAL_AST_FRAGMENT	시술명 table1 and 시술명 table3	EXACT_PAGE	469	False
H022	AST_H022_N002	TABLE_REF	REFERENCE_RAW_ATOM	RAW_SOURCE_EVIDENCE	시술명 table2	EXACT_PAGE	441	False
H022	AST_H022_N003	TABLE_REF	REFERENCE_RAW_ATOM	RAW_SOURCE_EVIDENCE	시술명 table3	EXACT_PAGE	441	False
H022	AST_H022_N001	AND	STRUCTURAL_SOURCE_FRAGMENT	STRUCTURAL_AST_FRAGMENT	시술명 table2 and 시술명 table3	EXACT_PAGE	469	False
H030	AST_H030_N002	TABLE_REF	REFERENCE_RAW_ATOM	RAW_SOURCE_EVIDENCE	시술명 table1	EXACT_PAGE	469	False
H030	AST_H030_N003	TABLE_REF	REFERENCE_RAW_ATOM	RAW_SOURCE_EVIDENCE	시술명 table2	EXACT_PAGE	443	False
H030	AST_H030_N001	AND	STRUCTURAL_SOURCE_FRAGMENT	STRUCTURAL_AST_FRAGMENT	시술명 table1 and 시술명 table2	EXACT_PAGE	469	False
H041	AST_H041_N002	TABLE_REF	REFERENCE_RAW_ATOM	RAW_SOURCE_EVIDENCE	시술명 table1	EXACT_PAGE	469	False
H041	AST_H041_N003	TABLE_REF	REFERENCE_RAW_ATOM	RAW_SOURCE_EVIDENCE	부가코드	EXACT_PAGE	444	False
H041	AST_H041_N001	AND	STRUCTURAL_SOURCE_FRAGMENT	STRUCTURAL_AST_FRAGMENT	시술명 table1 and 부가코드	EXACT_PAGE	471	False
H043	AST_H043_N002	TABLE_REF	REFERENCE_RAW_ATOM	RAW_SOURCE_EVIDENCE	시술명 table2	EXACT_PAGE	443	False
H043	AST_H043_N003	TABLE_REF	REFERENCE_RAW_ATOM	RAW_SOURCE_EVIDENCE	부가코드	EXACT_PAGE	444	False
H043	AST_H043_N001	AND	STRUCTURAL_SOURCE_FRAGMENT	STRUCTURAL_AST_FRAGMENT	시술명 table2 and 부가코드	EXACT_PAGE	471	False
H051	AST_H051_N002	TABLE_REF	REFERENCE_RAW_ATOM	RAW_SOURCE_EVIDENCE	시술명 table1	EXACT_PAGE	469	False
H051	AST_H051_N003	TABLE_REF	REFERENCE_RAW_ATOM	RAW_SOURCE_EVIDENCE	부가코드	EXACT_PAGE	444	False
H051	AST_H051_N001	AND	STRUCTURAL_SOURCE_FRAGMENT	STRUCTURAL_AST_FRAGMENT	시술명 table1 and 부가코드	EXACT_PAGE	471	False
H052	AST_H052_N002	TABLE_REF	REFERENCE_RAW_ATOM	RAW_SOURCE_EVIDENCE	시술명 table2	EXACT_PAGE	470	False
H052	AST_H052_N004	TABLE_REF	REFERENCE_RAW_ATOM	RAW_SOURCE_EVIDENCE	시술명 table3	EXACT_PAGE	444	False
H052	AST_H052_N006	TABLE_REF	REFERENCE_RAW_ATOM	RAW_SOURCE_EVIDENCE	부가코드	EXACT_PAGE	444	False
H052	AST_H052_N001	OR	STRUCTURAL_SOURCE_FRAGMENT	STRUCTURAL_AST_FRAGMENT	시술명 table2 or (시술명 table3 and not 부가코드)	EXACT_PAGE	472	False
H052	AST_H052_N003	AND	STRUCTURAL_SOURCE_FRAGMENT	STRUCTURAL_AST_FRAGMENT	시술명 table3 and not 부가코드	EXACT_PAGE	472	False
H052	AST_H052_N005	NOT	STRUCTURAL_SOURCE_FRAGMENT	STRUCTURAL_AST_FRAGMENT	not 부가코드	EXACT_PAGE	472	False
H071	AST_H071_N002	TABLE_REF	REFERENCE_RAW_ATOM	RAW_SOURCE_EVIDENCE	시술명 table1	EXACT_PAGE	471	False
H071	AST_H071_N003	TABLE_REF	REFERENCE_RAW_ATOM	RAW_SOURCE_EVIDENCE	부가코드	EXACT_PAGE	471	False
H071	AST_H071_N001	AND	STRUCTURAL_SOURCE_FRAGMENT	STRUCTURAL_AST_FRAGMENT	시술명 table1 and 부가코드	EXACT_PAGE	471	False
H081	AST_H081_N002	TABLE_REF	REFERENCE_RAW_ATOM	RAW_SOURCE_EVIDENCE	시술명 table1	EXACT_PAGE	471	False
H081	AST_H081_N003	TABLE_REF	REFERENCE_RAW_ATOM	RAW_SOURCE_EVIDENCE	부가코드	EXACT_PAGE	471	False
H081	AST_H081_N001	AND	STRUCTURAL_SOURCE_FRAGMENT	STRUCTURAL_AST_FRAGMENT	시술명 table1 and 부가코드	EXACT_PAGE	471	False
H091	AST_H091_N002	TABLE_REF	REFERENCE_RAW_ATOM	RAW_SOURCE_EVIDENCE	시술명 table1	EXACT_PAGE	472	False
H091	AST_H091_N003	TABLE_REF	REFERENCE_RAW_ATOM	RAW_SOURCE_EVIDENCE	부가코드	EXACT_PAGE	472	False
H091	AST_H091_N001	AND	STRUCTURAL_SOURCE_FRAGMENT	STRUCTURAL_AST_FRAGMENT	시술명 table1 and 부가코드	EXACT_PAGE	473	False
H101	AST_H101_N002	TABLE_REF	REFERENCE_RAW_ATOM	RAW_SOURCE_EVIDENCE	시술명 table1	EXACT_PAGE	472	False
H101	AST_H101_N003	TABLE_REF	REFERENCE_RAW_ATOM	RAW_SOURCE_EVIDENCE	시술명 table2	EXACT_PAGE	472	False
H101	AST_H101_N004	TABLE_REF	REFERENCE_RAW_ATOM	RAW_SOURCE_EVIDENCE	시술명 table3	EXACT_PAGE	472	False
H101	AST_H101_N005	TABLE_REF	REFERENCE_RAW_ATOM	RAW_SOURCE_EVIDENCE	부가코드	EXACT_PAGE	472	False
H101	AST_H101_N001	AND	STRUCTURAL_SOURCE_FRAGMENT	STRUCTURAL_AST_FRAGMENT	시술명 table1 and 시술명 table2 and 시술명 table3 and 부가코드	EXACT_PAGE	474	False
H102	AST_H102_N002	TABLE_REF	REFERENCE_RAW_ATOM	RAW_SOURCE_EVIDENCE	시술명 table1	EXACT_PAGE	472	False
H102	AST_H102_N003	TABLE_REF	REFERENCE_RAW_ATOM	RAW_SOURCE_EVIDENCE	시술명 table2	EXACT_PAGE	472	False
H102	AST_H102_N004	TABLE_REF	REFERENCE_RAW_ATOM	RAW_SOURCE_EVIDENCE	시술명 table3	EXACT_PAGE	472	False
H102	AST_H102_N001	AND	STRUCTURAL_SOURCE_FRAGMENT	STRUCTURAL_AST_FRAGMENT	시술명 table1 and 시술명 table2 and 시술명 table3	EXACT_PAGE	474	False
H103	AST_H103_N002	TABLE_REF	REFERENCE_RAW_ATOM	RAW_SOURCE_EVIDENCE	시술명 table1	EXACT_PAGE	472	False
H103	AST_H103_N003	TABLE_REF	REFERENCE_RAW_ATOM	RAW_SOURCE_EVIDENCE	시술명 table2	EXACT_PAGE	472	False
H103	AST_H103_N004	TABLE_REF	REFERENCE_RAW_ATOM	RAW_SOURCE_EVIDENCE	부가코드	EXACT_PAGE	472	False
H103	AST_H103_N001	AND	STRUCTURAL_SOURCE_FRAGMENT	STRUCTURAL_AST_FRAGMENT	시술명 table1 and 시술명 table2 and 부가코드	EXACT_PAGE	474	False
H104	AST_H104_N002	TABLE_REF	REFERENCE_RAW_ATOM	RAW_SOURCE_EVIDENCE	시술명 table1	EXACT_PAGE	473	False
H104	AST_H104_N003	TABLE_REF	REFERENCE_RAW_ATOM	RAW_SOURCE_EVIDENCE	시술명 table2	EXACT_PAGE	474	False
H104	AST_H104_N001	AND	STRUCTURAL_SOURCE_FRAGMENT	STRUCTURAL_AST_FRAGMENT	시술명 table1 and 시술명 table2	EXACT_PAGE	474	False
H105	AST_H105_N002	TABLE_REF	REFERENCE_RAW_ATOM	RAW_SOURCE_EVIDENCE	시술명 table1	EXACT_PAGE	473	False
H105	AST_H105_N003	TABLE_REF	REFERENCE_RAW_ATOM	RAW_SOURCE_EVIDENCE	시술명 table3	EXACT_PAGE	474	False
H105	AST_H105_N004	TABLE_REF	REFERENCE_RAW_ATOM	RAW_SOURCE_EVIDENCE	부가코드	EXACT_PAGE	473	False
H105	AST_H105_N001	AND	STRUCTURAL_SOURCE_FRAGMENT	STRUCTURAL_AST_FRAGMENT	시술명 table1 and 시술명 table3 and 부가코드	EXACT_PAGE	475	False
H106	AST_H106_N002	TABLE_REF	REFERENCE_RAW_ATOM	RAW_SOURCE_EVIDENCE	시술명 table1	EXACT_PAGE	473	False
H106	AST_H106_N003	TABLE_REF	REFERENCE_RAW_ATOM	RAW_SOURCE_EVIDENCE	시술명 table3	EXACT_PAGE	474	False
H106	AST_H106_N001	AND	STRUCTURAL_SOURCE_FRAGMENT	STRUCTURAL_AST_FRAGMENT	시술명 table1 and 시술명 table3	EXACT_PAGE	475	False
H107	AST_H107_N002	TABLE_REF	REFERENCE_RAW_ATOM	RAW_SOURCE_EVIDENCE	시술명 table1	EXACT_PAGE	473	False
H107	AST_H107_N003	TABLE_REF	REFERENCE_RAW_ATOM	RAW_SOURCE_EVIDENCE	부가코드	EXACT_PAGE	473	False
H107	AST_H107_N001	AND	STRUCTURAL_SOURCE_FRAGMENT	STRUCTURAL_AST_FRAGMENT	시술명 table1 and 부가코드	EXACT_PAGE	473	False
H111	AST_H111_N002	TABLE_REF	REFERENCE_RAW_ATOM	RAW_SOURCE_EVIDENCE	시술명 table1	EXACT_PAGE	474	False
H111	AST_H111_N003	TABLE_REF	REFERENCE_RAW_ATOM	RAW_SOURCE_EVIDENCE	부가코드	EXACT_PAGE	474	False
H111	AST_H111_N001	AND	STRUCTURAL_SOURCE_FRAGMENT	STRUCTURAL_AST_FRAGMENT	시술명 table1 and 부가코드	EXACT_PAGE	474	False
H121	AST_H121_N002	TABLE_REF	REFERENCE_RAW_ATOM	RAW_SOURCE_EVIDENCE	시술명 table1	EXACT_PAGE	474	False
H121	AST_H121_N003	TABLE_REF	REFERENCE_RAW_ATOM	RAW_SOURCE_EVIDENCE	부가코드	EXACT_PAGE	474	False
H121	AST_H121_N001	AND	STRUCTURAL_SOURCE_FRAGMENT	STRUCTURAL_AST_FRAGMENT	시술명 table1 and 부가코드	EXACT_PAGE	474	False
H131	AST_H131_N002	TABLE_REF	REFERENCE_RAW_ATOM	RAW_SOURCE_EVIDENCE	주진단명 table1	EXACT_PAGE	477	False
H131	AST_H131_N003	TABLE_REF	REFERENCE_RAW_ATOM	RAW_SOURCE_EVIDENCE	시술명 table2	EXACT_PAGE	475	False
H131	AST_H131_N001	AND	STRUCTURAL_SOURCE_FRAGMENT	STRUCTURAL_AST_FRAGMENT	주진단명 table1 and 시술명 table2	EXACT_PAGE	477	False
H152	AST_H152_N003	TABLE_REF	REFERENCE_RAW_ATOM	RAW_SOURCE_EVIDENCE	시술명 table1	EXACT_PAGE	481	False
H152	AST_H152_N004	TABLE_REF	REFERENCE_RAW_ATOM	RAW_SOURCE_EVIDENCE	주진단명 table1	EXACT_PAGE	481	False
H152	AST_H152_N005	TABLE_REF	REFERENCE_RAW_ATOM	RAW_SOURCE_EVIDENCE	시술명 table2	EXACT_PAGE	481	False
H152	AST_H152_N001	OR	STRUCTURAL_SOURCE_FRAGMENT	STRUCTURAL_AST_FRAGMENT	(시술명 table1 without 주진단명 table1) or 시술명 table2	EXACT_PAGE	481	False
H152	AST_H152_N002	EXCLUSION	STRUCTURAL_SOURCE_FRAGMENT	STRUCTURAL_AST_FRAGMENT	시술명 table1 without 주진단명 table1	EXACT_PAGE	481	False
H156	AST_H156_N002	TABLE_REF	REFERENCE_RAW_ATOM	RAW_SOURCE_EVIDENCE	주진단명 table1	EXACT_PAGE	481	False
H156	AST_H156_N003	TABLE_REF	REFERENCE_RAW_ATOM	RAW_SOURCE_EVIDENCE	시술명 table2	EXACT_PAGE	481	False
H156	AST_H156_N004	TABLE_REF	REFERENCE_RAW_ATOM	RAW_SOURCE_EVIDENCE	시술명 table3	EXACT_PAGE	481	False
H156	AST_H156_N001	AND	STRUCTURAL_SOURCE_FRAGMENT	STRUCTURAL_AST_FRAGMENT	주진단명 table1 and 시술명 table2 and 시술명 table3	EXACT_PAGE	481	False
H157	AST_H157_N002	TABLE_REF	REFERENCE_RAW_ATOM	RAW_SOURCE_EVIDENCE	주진단명 table1	EXACT_PAGE	481	False
H157	AST_H157_N003	TABLE_REF	REFERENCE_RAW_ATOM	RAW_SOURCE_EVIDENCE	시술명 table2	EXACT_PAGE	481	False
H157	AST_H157_N001	AND	STRUCTURAL_SOURCE_FRAGMENT	STRUCTURAL_AST_FRAGMENT	주진단명 table1 and 시술명 table2	EXACT_PAGE	481	False
H500	AST_H500_N002	TABLE_REF	REFERENCE_RAW_ATOM	RAW_SOURCE_EVIDENCE	주진단명 table1	EXACT_PAGE	481	False
H500	AST_H500_N003	TABLE_REF	REFERENCE_RAW_ATOM	RAW_SOURCE_EVIDENCE	기타진단명 table2	EXACT_PAGE	482	False
H500	AST_H500_N004	TABLE_REF	REFERENCE_RAW_ATOM	RAW_SOURCE_EVIDENCE	시술명 table3	EXACT_PAGE	481	False
H500	AST_H500_N001	AND	STRUCTURAL_SOURCE_FRAGMENT	STRUCTURAL_AST_FRAGMENT	주진단명 table1 and 기타진단명 table2 and 시술명 table3	EXACT_PAGE	482	False
H510	AST_H510_N002	TABLE_REF	REFERENCE_RAW_ATOM	RAW_SOURCE_EVIDENCE	주진단명 또는 기타진단명 table1	EXACT_PAGE	483	False
H510	AST_H510_N003	TABLE_REF	REFERENCE_RAW_ATOM	RAW_SOURCE_EVIDENCE	시술명 table2	EXACT_PAGE	481	False
H510	AST_H510_N001	AND	STRUCTURAL_SOURCE_FRAGMENT	STRUCTURAL_AST_FRAGMENT	주진단명 또는 기타진단명 table1 and 시술명 table2	EXACT_PAGE	483	False
H601	AST_H601_N002	TABLE_REF	REFERENCE_RAW_ATOM	RAW_SOURCE_EVIDENCE	주진단명 table1	EXACT_PAGE	482	False
H601	AST_H601_N004	TABLE_REF	REFERENCE_RAW_ATOM	RAW_SOURCE_EVIDENCE	주진단명 table2	EXACT_PAGE	484	False
H601	AST_H601_N005	TABLE_REF	REFERENCE_RAW_ATOM	RAW_SOURCE_EVIDENCE	기타진단명 table4	EXACT_PAGE	484	False
H601	AST_H601_N007	TABLE_REF	REFERENCE_RAW_ATOM	RAW_SOURCE_EVIDENCE	주진단명 table3	EXACT_PAGE	484	False
H601	AST_H601_N008	TABLE_REF	REFERENCE_RAW_ATOM	RAW_SOURCE_EVIDENCE	기타진단명 table5	EXACT_PAGE	484	False
H601	AST_H601_N001	OR	STRUCTURAL_SOURCE_FRAGMENT	STRUCTURAL_AST_FRAGMENT	주진단명 table1 or (주진단명 table2 and 기타진단명 table4) or (주진단명 table3 and 기타진단명 table5)	EXACT_PAGE	484	False
H601	AST_H601_N003	AND	STRUCTURAL_SOURCE_FRAGMENT	STRUCTURAL_AST_FRAGMENT	주진단명 table2 and 기타진단명 table4	EXACT_PAGE	484	False
H601	AST_H601_N006	AND	STRUCTURAL_SOURCE_FRAGMENT	STRUCTURAL_AST_FRAGMENT	주진단명 table3 and 기타진단명 table5	EXACT_PAGE	484	False
H602	AST_H602_N002	TABLE_REF	REFERENCE_RAW_ATOM	RAW_SOURCE_EVIDENCE	주진단명 table1	EXACT_PAGE	484	False
H602	AST_H602_N004	TABLE_REF	REFERENCE_RAW_ATOM	RAW_SOURCE_EVIDENCE	주진단명 table2	EXACT_PAGE	484	False
H602	AST_H602_N005	TABLE_REF	REFERENCE_RAW_ATOM	RAW_SOURCE_EVIDENCE	기타진단명 table3	EXACT_PAGE	485	False
H602	AST_H602_N001	OR	STRUCTURAL_SOURCE_FRAGMENT	STRUCTURAL_AST_FRAGMENT	주진단명 table1 or (주진단명 table2 and 기타진단명 table3)	EXACT_PAGE	485	False
H602	AST_H602_N003	AND	STRUCTURAL_SOURCE_FRAGMENT	STRUCTURAL_AST_FRAGMENT	주진단명 table2 and 기타진단명 table3	EXACT_PAGE	485	False
H611	AST_H611_N002	TABLE_REF	REFERENCE_RAW_ATOM	RAW_SOURCE_EVIDENCE	주진단명 table1	EXACT_PAGE	484	False
H611	AST_H611_N004	TABLE_REF	REFERENCE_RAW_ATOM	RAW_SOURCE_EVIDENCE	주진단명 table2	EXACT_PAGE	484	False
H611	AST_H611_N005	TABLE_REF	REFERENCE_RAW_ATOM	RAW_SOURCE_EVIDENCE	기타진단명 table3	EXACT_PAGE	485	False
H611	AST_H611_N001	OR	STRUCTURAL_SOURCE_FRAGMENT	STRUCTURAL_AST_FRAGMENT	주진단명 table1 or (주진단명 table2 and 기타진단명 table3)	EXACT_PAGE	485	False
H611	AST_H611_N003	AND	STRUCTURAL_SOURCE_FRAGMENT	STRUCTURAL_AST_FRAGMENT	주진단명 table2 and 기타진단명 table3	EXACT_PAGE	485	False
H621	AST_H621_N002	TABLE_REF	REFERENCE_RAW_ATOM	RAW_SOURCE_EVIDENCE	주진단명 table1	EXACT_PAGE	485	False
H621	AST_H621_N003	TABLE_REF	REFERENCE_RAW_ATOM	RAW_SOURCE_EVIDENCE	시술명 table2	EXACT_PAGE	487	False
H621	AST_H621_N001	AND	STRUCTURAL_SOURCE_FRAGMENT	STRUCTURAL_AST_FRAGMENT	주진단명 table1 and 시술명 table2	EXACT_PAGE	487	False
H622	AST_H622_N002	TABLE_REF	REFERENCE_RAW_ATOM	RAW_SOURCE_EVIDENCE	주진단명 table1	EXACT_PAGE	485	False
H622	AST_H622_N004	TABLE_REF	REFERENCE_RAW_ATOM	RAW_SOURCE_EVIDENCE	시술명 table3	EXACT_PAGE	487	False
H622	AST_H622_N005	TABLE_REF	REFERENCE_RAW_ATOM	RAW_SOURCE_EVIDENCE	부가코드	EXACT_PAGE	487	False
H622	AST_H622_N001	AND	STRUCTURAL_SOURCE_FRAGMENT	STRUCTURAL_AST_FRAGMENT	주진단명 table1 and (시술명 table3 or 부가코드)	EXACT_PAGE	487	False
H622	AST_H622_N003	OR	STRUCTURAL_SOURCE_FRAGMENT	STRUCTURAL_AST_FRAGMENT	시술명 table3 or 부가코드	EXACT_PAGE	487	False
H631	AST_H631_N002	TABLE_REF	REFERENCE_RAW_ATOM	RAW_SOURCE_EVIDENCE	주진단명 table1	EXACT_PAGE	486	False
H631	AST_H631_N003	TABLE_REF	REFERENCE_RAW_ATOM	RAW_SOURCE_EVIDENCE	시술명 table2	EXACT_PAGE	487	False
H631	AST_H631_N001	AND	STRUCTURAL_SOURCE_FRAGMENT	STRUCTURAL_AST_FRAGMENT	주진단명 table1 and 시술명 table2	EXACT_PAGE	487	False
H632	AST_H632_N002	TABLE_REF	REFERENCE_RAW_ATOM	RAW_SOURCE_EVIDENCE	주진단명 table1	EXACT_PAGE	487	False
H632	AST_H632_N004	TABLE_REF	REFERENCE_RAW_ATOM	RAW_SOURCE_EVIDENCE	시술명 table3	EXACT_PAGE	487	False
H632	AST_H632_N005	TABLE_REF	REFERENCE_RAW_ATOM	RAW_SOURCE_EVIDENCE	부가코드	EXACT_PAGE	487	False
H632	AST_H632_N001	AND	STRUCTURAL_SOURCE_FRAGMENT	STRUCTURAL_AST_FRAGMENT	주진단명 table1 and (시술명 table3 or 부가코드)	EXACT_PAGE	487	False
H632	AST_H632_N003	OR	STRUCTURAL_SOURCE_FRAGMENT	STRUCTURAL_AST_FRAGMENT	시술명 table3 or 부가코드	EXACT_PAGE	487	False
H641	AST_H641_N002	TABLE_REF	REFERENCE_RAW_ATOM	RAW_SOURCE_EVIDENCE	주진단명 table1	EXACT_PAGE	488	False
H641	AST_H641_N003	TABLE_REF	REFERENCE_RAW_ATOM	RAW_SOURCE_EVIDENCE	기타진단명 table2	EXACT_PAGE	490	False
H641	AST_H641_N001	AND	STRUCTURAL_SOURCE_FRAGMENT	STRUCTURAL_AST_FRAGMENT	주진단명 table1 and 기타진단명 table2	EXACT_PAGE	490	False
H661	AST_H661_N002	TABLE_REF	REFERENCE_RAW_ATOM	RAW_SOURCE_EVIDENCE	주진단명 table1	EXACT_PAGE	490	False
H661	AST_H661_N004	TABLE_REF	REFERENCE_RAW_ATOM	RAW_SOURCE_EVIDENCE	주진단명 table2	EXACT_PAGE	492	False
H661	AST_H661_N005	TABLE_REF	REFERENCE_RAW_ATOM	RAW_SOURCE_EVIDENCE	기타진단명 table3	EXACT_PAGE	492	False
H661	AST_H661_N007	TABLE_REF	REFERENCE_RAW_ATOM	RAW_SOURCE_EVIDENCE	주진단명 table2	EXACT_PAGE	492	False
H661	AST_H661_N008	TABLE_REF	REFERENCE_RAW_ATOM	RAW_SOURCE_EVIDENCE	기타진단명 table4	EXACT_PAGE	492	False
H661	AST_H661_N001	OR	STRUCTURAL_SOURCE_FRAGMENT	STRUCTURAL_AST_FRAGMENT	주진단명 table1 or (주진단명 table2 and 기타진단명 table3) or (주진단명 table2 and 기타진단명 table4)	EXACT_PAGE	492	False
H661	AST_H661_N003	AND	STRUCTURAL_SOURCE_FRAGMENT	STRUCTURAL_AST_FRAGMENT	주진단명 table2 and 기타진단명 table3	EXACT_PAGE	492	False
H661	AST_H661_N006	AND	STRUCTURAL_SOURCE_FRAGMENT	STRUCTURAL_AST_FRAGMENT	주진단명 table2 and 기타진단명 table4	EXACT_PAGE	492	False
H671	AST_H671_N002	TABLE_REF	REFERENCE_RAW_ATOM	RAW_SOURCE_EVIDENCE	주진단명 table1	EXACT_PAGE	491	False
H671	AST_H671_N004	TABLE_REF	REFERENCE_RAW_ATOM	RAW_SOURCE_EVIDENCE	주진단명 table2	EXACT_PAGE	492	False
H671	AST_H671_N005	TABLE_REF	REFERENCE_RAW_ATOM	RAW_SOURCE_EVIDENCE	기타진단명 table3	EXACT_PAGE	492	False
H671	AST_H671_N001	OR	STRUCTURAL_SOURCE_FRAGMENT	STRUCTURAL_AST_FRAGMENT	주진단명 table1 or (주진단명 table2 and 기타진단명 table3)	EXACT_PAGE	492	False
H671	AST_H671_N003	AND	STRUCTURAL_SOURCE_FRAGMENT	STRUCTURAL_AST_FRAGMENT	주진단명 table2 and 기타진단명 table3	EXACT_PAGE	492	False
I011	AST_I011_N002	TEXT_CONDITION	REFERENCE_RAW_ATOM	RAW_SOURCE_EVIDENCE	시술명 table1	EXACT_PAGE	567	False
I011	AST_I011_N004	TABLE_REF	REFERENCE_RAW_ATOM	RAW_SOURCE_EVIDENCE	시술명 table1	EXACT_PAGE	567	False
I011	AST_I011_N005	TABLE_REF	REFERENCE_RAW_ATOM	RAW_SOURCE_EVIDENCE	부가코드	EXACT_PAGE	567	False
I011	AST_I011_N001	OR	STRUCTURAL_SOURCE_FRAGMENT	STRUCTURAL_AST_FRAGMENT	(At least 2 procedures in 시술명 table1) or (시술명 table1 and 부가코드)	EXACT_PAGE	567	False
I011	AST_I011_N003	AND	STRUCTURAL_SOURCE_FRAGMENT	STRUCTURAL_AST_FRAGMENT	시술명 table1 and 부가코드	EXACT_PAGE	567	False
I012	AST_I012_N002	TEXT_CONDITION	REFERENCE_RAW_ATOM	RAW_SOURCE_EVIDENCE	시술명 table1	EXACT_PAGE	567	False
I012	AST_I012_N004	TABLE_REF	REFERENCE_RAW_ATOM	RAW_SOURCE_EVIDENCE	시술명 table1	EXACT_PAGE	567	False
I012	AST_I012_N005	TABLE_REF	REFERENCE_RAW_ATOM	RAW_SOURCE_EVIDENCE	부가코드	EXACT_PAGE	567	False
I012	AST_I012_N001	OR	STRUCTURAL_SOURCE_FRAGMENT	STRUCTURAL_AST_FRAGMENT	(At least 2 procedures in 시술명 table1) or (시술명 table1 and 부가코드)	EXACT_PAGE	567	False
I012	AST_I012_N003	AND	STRUCTURAL_SOURCE_FRAGMENT	STRUCTURAL_AST_FRAGMENT	시술명 table1 and 부가코드	EXACT_PAGE	567	False
I062	AST_I062_N002	TABLE_REF	REFERENCE_RAW_ATOM	RAW_SOURCE_EVIDENCE	주진단명 또는 기타진단명 table1	EXACT_PAGE	571	False
I062	AST_I062_N003	TABLE_REF	REFERENCE_RAW_ATOM	RAW_SOURCE_EVIDENCE	시술명 table3	EXACT_PAGE	571	False
I062	AST_I062_N001	AND	STRUCTURAL_SOURCE_FRAGMENT	STRUCTURAL_AST_FRAGMENT	주진단명 또는 기타진단명 table1 and 시술명 table3	EXACT_PAGE	571	False
I064	AST_I064_N003	TABLE_REF	REFERENCE_RAW_ATOM	RAW_SOURCE_EVIDENCE	시술명 table2	EXACT_PAGE	570	False
I064	AST_I064_N004	TABLE_REF	REFERENCE_RAW_ATOM	RAW_SOURCE_EVIDENCE	시술명 table3	EXACT_PAGE	571	False
I064	AST_I064_N005	TABLE_REF	REFERENCE_RAW_ATOM	RAW_SOURCE_EVIDENCE	시술명 table4	EXACT_PAGE	571	False
I064	AST_I064_N001	AND	STRUCTURAL_SOURCE_FRAGMENT	STRUCTURAL_AST_FRAGMENT	(시술명 table2 or 시술명 table3) and 시술명 table4	EXACT_PAGE	571	False
I064	AST_I064_N002	OR	STRUCTURAL_SOURCE_FRAGMENT	STRUCTURAL_AST_FRAGMENT	시술명 table2 or 시술명 table3	EXACT_PAGE	571	False
I071	AST_I071_N002	TABLE_REF	REFERENCE_RAW_ATOM	RAW_SOURCE_EVIDENCE	시술명 table 1	EXACT_PAGE	572	False
I071	AST_I071_N003	TEXT_CONDITION	LEAF_SOURCE_FRAGMENT	RAW_SOURCE_EVIDENCE	age ≤18	EXACT_PAGE	572	False
I071	AST_I071_N001	AND	STRUCTURAL_SOURCE_FRAGMENT	STRUCTURAL_AST_FRAGMENT	시술명 table 1 and age ≤18	EXACT_PAGE	572	False
I072	AST_I072_N002	TABLE_REF	REFERENCE_RAW_ATOM	RAW_SOURCE_EVIDENCE	시술명 table1	EXACT_PAGE	572	False
I072	AST_I072_N003	TABLE_REF	REFERENCE_RAW_ATOM	RAW_SOURCE_EVIDENCE	시술명 table2	EXACT_PAGE	570	False
I072	AST_I072_N004	TEXT_CONDITION	LEAF_SOURCE_FRAGMENT	RAW_SOURCE_EVIDENCE	age >18	EXACT_PAGE	572	False
I072	AST_I072_N001	AND	STRUCTURAL_SOURCE_FRAGMENT	STRUCTURAL_AST_FRAGMENT	시술명 table1 and 시술명 table2 and age >18	EXACT_PAGE	572	False
I073	AST_I073_N002	TABLE_REF	REFERENCE_RAW_ATOM	RAW_SOURCE_EVIDENCE	시술명 table1	EXACT_PAGE	572	False
I073	AST_I073_N003	TEXT_CONDITION	LEAF_SOURCE_FRAGMENT	RAW_SOURCE_EVIDENCE	age >18	EXACT_PAGE	572	False
I073	AST_I073_N001	AND	STRUCTURAL_SOURCE_FRAGMENT	STRUCTURAL_AST_FRAGMENT	시술명 table1 and age >18	EXACT_PAGE	572	False
I081	AST_I081_N002	TABLE_REF	REFERENCE_RAW_ATOM	RAW_SOURCE_EVIDENCE	주진단명 또는 기타진단명 table1	EXACT_PAGE	571	False
I081	AST_I081_N003	TABLE_REF	REFERENCE_RAW_ATOM	RAW_SOURCE_EVIDENCE	시술명 table2	EXACT_PAGE	571	False
I081	AST_I081_N001	AND	STRUCTURAL_SOURCE_FRAGMENT	STRUCTURAL_AST_FRAGMENT	주진단명 또는 기타진단명 table1 and 시술명 table2	EXACT_PAGE	573	False
I083	AST_I083_N002	TABLE_REF	REFERENCE_RAW_ATOM	RAW_SOURCE_EVIDENCE	주진단명 또는 기타진단명 table1	EXACT_PAGE	571	False
I083	AST_I083_N003	TABLE_REF	REFERENCE_RAW_ATOM	RAW_SOURCE_EVIDENCE	시술명 table3	EXACT_PAGE	571	False
I083	AST_I083_N001	AND	STRUCTURAL_SOURCE_FRAGMENT	STRUCTURAL_AST_FRAGMENT	주진단명 또는 기타진단명 table1 and 시술명 table3	EXACT_PAGE	571	False
I085	AST_I085_N002	TABLE_REF	REFERENCE_RAW_ATOM	RAW_SOURCE_EVIDENCE	주진단명 또는 기타진단명 table1	EXACT_PAGE	571	False
I085	AST_I085_N003	TABLE_REF	REFERENCE_RAW_ATOM	RAW_SOURCE_EVIDENCE	시술명 table4	EXACT_PAGE	571	False
I085	AST_I085_N001	AND	STRUCTURAL_SOURCE_FRAGMENT	STRUCTURAL_AST_FRAGMENT	주진단명 또는 기타진단명 table1 and 시술명 table4	EXACT_PAGE	573	False
I141	AST_I141_N002	TEXT_CONDITION	REFERENCE_RAW_ATOM	RAW_SOURCE_EVIDENCE	시술명 table1	EXACT_PAGE	582	False
I141	AST_I141_N004	TABLE_REF	REFERENCE_RAW_ATOM	RAW_SOURCE_EVIDENCE	시술명 table1	EXACT_PAGE	582	False
I141	AST_I141_N005	TABLE_REF	REFERENCE_RAW_ATOM	RAW_SOURCE_EVIDENCE	부가코드	EXACT_PAGE	582	False
I141	AST_I141_N007	TABLE_REF	REFERENCE_RAW_ATOM	RAW_SOURCE_EVIDENCE	Diagnosis table2(고관절 및 대퇴부 질환)-A	EXACT_PAGE	582	False
I141	AST_I141_N008	TABLE_REF	REFERENCE_RAW_ATOM	RAW_SOURCE_EVIDENCE	시술명 table1	EXACT_PAGE	582	False
I141	AST_I141_N009	TABLE_REF	REFERENCE_RAW_ATOM	RAW_SOURCE_EVIDENCE	시술명 table2	EXACT_PAGE	582	False
I141	AST_I141_N001	OR	STRUCTURAL_SOURCE_FRAGMENT	STRUCTURAL_AST_FRAGMENT	(At least 2 procedures in 시술명 table1) or (시술명 table1 and 부가코드) or (Diagnosis table2(고관절 및 대퇴부 질환)-A and 시술명 table1 and 시술명 table2)	NOT_FOUND		False
I141	AST_I141_N003	AND	STRUCTURAL_SOURCE_FRAGMENT	STRUCTURAL_AST_FRAGMENT	시술명 table1 and 부가코드	EXACT_PAGE	582	False
I141	AST_I141_N006	AND	STRUCTURAL_SOURCE_FRAGMENT	STRUCTURAL_AST_FRAGMENT	Diagnosis table2(고관절 및 대퇴부 질환)-A and 시술명 table1 and 시술명 table2	EXACT_PAGE	582	False
I142	AST_I142_N002	TABLE_REF	REFERENCE_RAW_ATOM	RAW_SOURCE_EVIDENCE	시술명 table1	EXACT_PAGE	582	False
I142	AST_I142_N004	TABLE_REF	REFERENCE_RAW_ATOM	RAW_SOURCE_EVIDENCE	Diagnosis table2(고관절 및 대퇴부 질환-A)	EXACT_PAGE	582	False
I142	AST_I142_N005	TABLE_REF	REFERENCE_RAW_ATOM	RAW_SOURCE_EVIDENCE	시술명 table2	EXACT_PAGE	582	False
I142	AST_I142_N001	OR	STRUCTURAL_SOURCE_FRAGMENT	STRUCTURAL_AST_FRAGMENT	시술명 table1 or (Diagnosis table2(고관절 및 대퇴부 질환-A) and 시술명 table2)	NOT_FOUND		False
I142	AST_I142_N003	AND	STRUCTURAL_SOURCE_FRAGMENT	STRUCTURAL_AST_FRAGMENT	Diagnosis table2(고관절 및 대퇴부 질환-A) and 시술명 table2	EXACT_PAGE	582	False
I160	AST_I160_N002	TABLE_REF	REFERENCE_RAW_ATOM	RAW_SOURCE_EVIDENCE	시술명 table1	EXACT_PAGE	582	False
I160	AST_I160_N005	TABLE_REF	REFERENCE_RAW_ATOM	RAW_SOURCE_EVIDENCE	Diagnosis table3(상완골 질환)-A	EXACT_PAGE	583	False
I160	AST_I160_N006	TABLE_REF	REFERENCE_RAW_ATOM	RAW_SOURCE_EVIDENCE	Diagnosis table4(경골 및 비골 질환)-A	EXACT_PAGE	583	False
I160	AST_I160_N007	TABLE_REF	REFERENCE_RAW_ATOM	RAW_SOURCE_EVIDENCE	시술명 table2	EXACT_PAGE	582	False
I160	AST_I160_N001	OR	STRUCTURAL_SOURCE_FRAGMENT	STRUCTURAL_AST_FRAGMENT	시술명 table1 or ((Diagnosis table3(상완골 질환)-A or Diagnosis table4(경골 및 비골 질환)-A) and 시술명 table2)	NOT_FOUND		False
I160	AST_I160_N003	AND	STRUCTURAL_SOURCE_FRAGMENT	STRUCTURAL_AST_FRAGMENT	(Diagnosis table3(상완골 질환)-A or Diagnosis table4(경골 및 비골 질환)-A) and 시술명 table2	EXACT_PAGE	583	False
I160	AST_I160_N004	OR	STRUCTURAL_SOURCE_FRAGMENT	STRUCTURAL_AST_FRAGMENT	Diagnosis table3(상완골 질환)-A or Diagnosis table4(경골 및 비골 질환)-A	EXACT_PAGE	583	False
I187	AST_I187_N002	TABLE_REF	REFERENCE_RAW_ATOM	RAW_SOURCE_EVIDENCE	시술명 table1	EXACT_PAGE	582	False
I187	AST_I187_N005	TABLE_REF	REFERENCE_RAW_ATOM	RAW_SOURCE_EVIDENCE	Diagnosis table6(견부 질환)-A	EXACT_PAGE	584	False
I187	AST_I187_N006	TABLE_REF	REFERENCE_RAW_ATOM	RAW_SOURCE_EVIDENCE	Diagnosis table6(견부 질환)-B	EXACT_PAGE	584	False
I187	AST_I187_N007	TABLE_REF	REFERENCE_RAW_ATOM	RAW_SOURCE_EVIDENCE	Diagnosis table6(견부 질환)-C	EXACT_PAGE	584	False
I187	AST_I187_N008	TABLE_REF	REFERENCE_RAW_ATOM	RAW_SOURCE_EVIDENCE	시술명 table2	EXACT_PAGE	582	False
I187	AST_I187_N001	OR	STRUCTURAL_SOURCE_FRAGMENT	STRUCTURAL_AST_FRAGMENT	시술명 table1 or ((Diagnosis table6(견부 질환)-A or Diagnosis table6(견부 질환)-B or Diagnosis table6(견부 질환)-C) and 시술명 table2)	NOT_FOUND		False
I187	AST_I187_N003	AND	STRUCTURAL_SOURCE_FRAGMENT	STRUCTURAL_AST_FRAGMENT	(Diagnosis table6(견부 질환)-A or Diagnosis table6(견부 질환)-B or Diagnosis table6(견부 질환)-C) and 시술명 table2	NOT_FOUND		False
I187	AST_I187_N004	OR	STRUCTURAL_SOURCE_FRAGMENT	STRUCTURAL_AST_FRAGMENT	Diagnosis table6(견부 질환)-A or Diagnosis table6(견부 질환)-B or Diagnosis table6(견부 질환)-C	EXACT_PAGE	584	False
I194	AST_I194_N002	TABLE_REF	REFERENCE_RAW_ATOM	RAW_SOURCE_EVIDENCE	시술명 table1	EXACT_PAGE	584	False
I194	AST_I194_N004	TABLE_REF	REFERENCE_RAW_ATOM	RAW_SOURCE_EVIDENCE	Diagnosis table1(슬관절 질환)-A	EXACT_PAGE	586	False
I194	AST_I194_N005	TABLE_REF	REFERENCE_RAW_ATOM	RAW_SOURCE_EVIDENCE	시술명 table2	EXACT_PAGE	584	False
I194	AST_I194_N001	OR	STRUCTURAL_SOURCE_FRAGMENT	STRUCTURAL_AST_FRAGMENT	시술명 table1 or (Diagnosis table1(슬관절 질환)-A and 시술명 table2)	NOT_FOUND		False
I194	AST_I194_N003	AND	STRUCTURAL_SOURCE_FRAGMENT	STRUCTURAL_AST_FRAGMENT	Diagnosis table1(슬관절 질환)-A and 시술명 table2	EXACT_PAGE	586	False
I200	AST_I200_N003	TABLE_REF	REFERENCE_RAW_ATOM	RAW_SOURCE_EVIDENCE	Diagnosis table7(주관절 질환)-A	EXACT_PAGE	586	False
I200	AST_I200_N004	TABLE_REF	REFERENCE_RAW_ATOM	RAW_SOURCE_EVIDENCE	Diagnosis table8(전완부 질환)-A	EXACT_PAGE	586	False
I200	AST_I200_N005	TABLE_REF	REFERENCE_RAW_ATOM	RAW_SOURCE_EVIDENCE	시술명 table1	EXACT_PAGE	584	False
I200	AST_I200_N001	AND	STRUCTURAL_SOURCE_FRAGMENT	STRUCTURAL_AST_FRAGMENT	(Diagnosis table7(주관절 질환)-A or Diagnosis table8(전완부 질환)-A) and 시술명 table1	NOT_FOUND		False
I200	AST_I200_N002	OR	STRUCTURAL_SOURCE_FRAGMENT	STRUCTURAL_AST_FRAGMENT	Diagnosis table7(주관절 질환)-A or Diagnosis table8(전완부 질환)-A	EXACT_PAGE	586	False
I211	AST_I211_N002	TABLE_REF	REFERENCE_RAW_ATOM	RAW_SOURCE_EVIDENCE	Diagnosis table9(족부 질환)-A	EXACT_PAGE	587	False
I211	AST_I211_N003	TABLE_REF	REFERENCE_RAW_ATOM	RAW_SOURCE_EVIDENCE	시술명 table1	EXACT_PAGE	586	False
I211	AST_I211_N001	AND	STRUCTURAL_SOURCE_FRAGMENT	STRUCTURAL_AST_FRAGMENT	Diagnosis table9(족부 질환)-A and 시술명 table1	EXACT_PAGE	587	False
I212	AST_I212_N002	TABLE_REF	REFERENCE_RAW_ATOM	RAW_SOURCE_EVIDENCE	Diagnosis table5(족관절 질환)	EXACT_PAGE	587	False
I212	AST_I212_N003	TABLE_REF	REFERENCE_RAW_ATOM	RAW_SOURCE_EVIDENCE	시술명 table1	EXACT_PAGE	586	False
I212	AST_I212_N001	AND	STRUCTURAL_SOURCE_FRAGMENT	STRUCTURAL_AST_FRAGMENT	Diagnosis table5(족관절 질환) and 시술명 table1	EXACT_PAGE	587	False
I213	AST_I213_N002	TABLE_REF	REFERENCE_RAW_ATOM	RAW_SOURCE_EVIDENCE	Diagnosis table9(족부 질환)-A	EXACT_PAGE	587	False
I213	AST_I213_N003	TABLE_REF	REFERENCE_RAW_ATOM	RAW_SOURCE_EVIDENCE	시술명 table1	EXACT_PAGE	586	False
I213	AST_I213_N001	AND	STRUCTURAL_SOURCE_FRAGMENT	STRUCTURAL_AST_FRAGMENT	Diagnosis table9(족부 질환)-A and 시술명 table1	EXACT_PAGE	587	False
I251	AST_I251_N003	TABLE_REF	REFERENCE_RAW_ATOM	RAW_SOURCE_EVIDENCE	Diagnosis table10(완관절 질환)-A	EXACT_PAGE	590	False
I251	AST_I251_N004	TABLE_REF	REFERENCE_RAW_ATOM	RAW_SOURCE_EVIDENCE	Diagnosis table11(수부 질환)-A	EXACT_PAGE	590	False
I251	AST_I251_N005	TABLE_REF	REFERENCE_RAW_ATOM	RAW_SOURCE_EVIDENCE	시술명 table1	EXACT_PAGE	588	False
I251	AST_I251_N001	AND	STRUCTURAL_SOURCE_FRAGMENT	STRUCTURAL_AST_FRAGMENT	(Diagnosis table10(완관절 질환)-A or Diagnosis table11(수부 질환)-A) and 시술명 table1	NOT_FOUND		False
I251	AST_I251_N002	OR	STRUCTURAL_SOURCE_FRAGMENT	STRUCTURAL_AST_FRAGMENT	Diagnosis table10(완관절 질환)-A or Diagnosis table11(수부 질환)-A	EXACT_PAGE	590	False
I252	AST_I252_N002	TABLE_REF	REFERENCE_RAW_ATOM	RAW_SOURCE_EVIDENCE	시술명 table1	EXACT_PAGE	567	False
I252	AST_I252_N005	TABLE_REF	REFERENCE_RAW_ATOM	RAW_SOURCE_EVIDENCE	Diagnosis table10(완관절 질환)-A	EXACT_PAGE	590	False
I252	AST_I252_N006	TABLE_REF	REFERENCE_RAW_ATOM	RAW_SOURCE_EVIDENCE	Diagnosis table11(수부 질환)-A	EXACT_PAGE	590	False
I252	AST_I252_N007	TABLE_REF	REFERENCE_RAW_ATOM	RAW_SOURCE_EVIDENCE	시술명 table2	EXACT_PAGE	590	False
I252	AST_I252_N001	OR	STRUCTURAL_SOURCE_FRAGMENT	STRUCTURAL_AST_FRAGMENT	시술명 table1 or ((Diagnosis table10(완관절 질환)-A or Diagnosis table11(수부 질환)-A) and 시술명 table2)	NOT_FOUND		False
I252	AST_I252_N003	AND	STRUCTURAL_SOURCE_FRAGMENT	STRUCTURAL_AST_FRAGMENT	(Diagnosis table10(완관절 질환)-A or Diagnosis table11(수부 질환)-A) and 시술명 table2	EXACT_PAGE	590	False
I252	AST_I252_N004	OR	STRUCTURAL_SOURCE_FRAGMENT	STRUCTURAL_AST_FRAGMENT	Diagnosis table10(완관절 질환)-A or Diagnosis table11(수부 질환)-A	EXACT_PAGE	590	False
I281	AST_I281_N002	TABLE_REF	REFERENCE_RAW_ATOM	RAW_SOURCE_EVIDENCE	Diagnosis table2(고관절 및 대퇴부 질환)-B	EXACT_PAGE	594	False
I281	AST_I281_N003	TABLE_REF	REFERENCE_RAW_ATOM	RAW_SOURCE_EVIDENCE	시술명 table1	EXACT_PAGE	567	False
I281	AST_I281_N001	AND	STRUCTURAL_SOURCE_FRAGMENT	STRUCTURAL_AST_FRAGMENT	Diagnosis table2(고관절 및 대퇴부 질환)-B and 시술명 table1	EXACT_PAGE	594	False
I282	AST_I282_N002	TABLE_REF	REFERENCE_RAW_ATOM	RAW_SOURCE_EVIDENCE	Diagnosis table2(고관절 및 대퇴부 질환)-C	EXACT_PAGE	594	False
I282	AST_I282_N003	TABLE_REF	REFERENCE_RAW_ATOM	RAW_SOURCE_EVIDENCE	시술명 table1	EXACT_PAGE	567	False
I282	AST_I282_N001	AND	STRUCTURAL_SOURCE_FRAGMENT	STRUCTURAL_AST_FRAGMENT	Diagnosis table2(고관절 및 대퇴부 질환)-C and 시술명 table1	EXACT_PAGE	594	False
I283	AST_I283_N003	TABLE_REF	REFERENCE_RAW_ATOM	RAW_SOURCE_EVIDENCE	Diagnosis table1(슬관절 질환)-B	EXACT_PAGE	594	False
I283	AST_I283_N004	TABLE_REF	REFERENCE_RAW_ATOM	RAW_SOURCE_EVIDENCE	Diagnosis table4(경골 및 비골 질환)-B	EXACT_PAGE	594	False
I283	AST_I283_N005	TABLE_REF	REFERENCE_RAW_ATOM	RAW_SOURCE_EVIDENCE	시술명 table1	EXACT_PAGE	567	False
I283	AST_I283_N001	AND	STRUCTURAL_SOURCE_FRAGMENT	STRUCTURAL_AST_FRAGMENT	(Diagnosis table1(슬관절 질환)-B or Diagnosis table4(경골 및 비골 질환)-B) and 시술명 table1	NOT_FOUND		False
I283	AST_I283_N002	OR	STRUCTURAL_SOURCE_FRAGMENT	STRUCTURAL_AST_FRAGMENT	Diagnosis table1(슬관절 질환)-B or Diagnosis table4(경골 및 비골 질환)-B	EXACT_PAGE	594	False
I284	AST_I284_N003	TABLE_REF	REFERENCE_RAW_ATOM	RAW_SOURCE_EVIDENCE	Diagnosis table4(경골 및 비골 질환)-C	EXACT_PAGE	595	False
I284	AST_I284_N004	TABLE_REF	REFERENCE_RAW_ATOM	RAW_SOURCE_EVIDENCE	Diagnosis table9(족부 질환)-B	EXACT_PAGE	595	False
I284	AST_I284_N005	TABLE_REF	REFERENCE_RAW_ATOM	RAW_SOURCE_EVIDENCE	시술명 table1	EXACT_PAGE	567	False
I284	AST_I284_N001	AND	STRUCTURAL_SOURCE_FRAGMENT	STRUCTURAL_AST_FRAGMENT	(Diagnosis table4(경골 및 비골 질환)-C or Diagnosis table9(족부 질환)-B) and 시술명 table1	NOT_FOUND		False
I284	AST_I284_N002	OR	STRUCTURAL_SOURCE_FRAGMENT	STRUCTURAL_AST_FRAGMENT	Diagnosis table4(경골 및 비골 질환)-C or Diagnosis table9(족부 질환)-B	EXACT_PAGE	595	False
I285	AST_I285_N003	TABLE_REF	REFERENCE_RAW_ATOM	RAW_SOURCE_EVIDENCE	Diagnosis table3(상완골 질환)-B	EXACT_PAGE	596	False
I285	AST_I285_N004	TABLE_REF	REFERENCE_RAW_ATOM	RAW_SOURCE_EVIDENCE	Diagnosis table6(견부 질환)-D	EXACT_PAGE	596	False
I285	AST_I285_N005	TABLE_REF	REFERENCE_RAW_ATOM	RAW_SOURCE_EVIDENCE	시술명 table1	EXACT_PAGE	572	False
I285	AST_I285_N001	AND	STRUCTURAL_SOURCE_FRAGMENT	STRUCTURAL_AST_FRAGMENT	(Diagnosis table3(상완골 질환)-B or Diagnosis table6(견부 질환)-D) and 시술명 table1	NOT_FOUND		False
I285	AST_I285_N002	OR	STRUCTURAL_SOURCE_FRAGMENT	STRUCTURAL_AST_FRAGMENT	Diagnosis table3(상완골 질환)-B or Diagnosis table6(견부 질환)-D	EXACT_PAGE	596	False
I286	AST_I286_N003	TABLE_REF	REFERENCE_RAW_ATOM	RAW_SOURCE_EVIDENCE	Diagnosis table7(주관절 질환)-B	EXACT_PAGE	596	False
I286	AST_I286_N004	TABLE_REF	REFERENCE_RAW_ATOM	RAW_SOURCE_EVIDENCE	Diagnosis table8(전완부 질환)-B	EXACT_PAGE	596	False
I286	AST_I286_N005	TABLE_REF	REFERENCE_RAW_ATOM	RAW_SOURCE_EVIDENCE	시술명 table1	EXACT_PAGE	572	False
I286	AST_I286_N001	AND	STRUCTURAL_SOURCE_FRAGMENT	STRUCTURAL_AST_FRAGMENT	(Diagnosis table7(주관절 질환)-B or Diagnosis table8(전완부 질환)-B) and 시술명 table1	NOT_FOUND		False
I286	AST_I286_N002	OR	STRUCTURAL_SOURCE_FRAGMENT	STRUCTURAL_AST_FRAGMENT	Diagnosis table7(주관절 질환)-B or Diagnosis table8(전완부 질환)-B	EXACT_PAGE	596	False
I287	AST_I287_N003	TABLE_REF	REFERENCE_RAW_ATOM	RAW_SOURCE_EVIDENCE	Diagnosis table10(완관절 질환)-B	EXACT_PAGE	597	False
I287	AST_I287_N004	TABLE_REF	REFERENCE_RAW_ATOM	RAW_SOURCE_EVIDENCE	Diagnosis table11(수부 질환)-B	EXACT_PAGE	597	False
I287	AST_I287_N005	TABLE_REF	REFERENCE_RAW_ATOM	RAW_SOURCE_EVIDENCE	시술명 table1	EXACT_PAGE	572	False
I287	AST_I287_N001	AND	STRUCTURAL_SOURCE_FRAGMENT	STRUCTURAL_AST_FRAGMENT	(Diagnosis table10(완관절 질환)-B or Diagnosis table11(수부 질환)-B) and 시술명 table1	NOT_FOUND		False
I287	AST_I287_N002	OR	STRUCTURAL_SOURCE_FRAGMENT	STRUCTURAL_AST_FRAGMENT	Diagnosis table10(완관절 질환)-B or Diagnosis table11(수부 질환)-B	EXACT_PAGE	597	False
I301	AST_I301_N002	TEXT_CONDITION	REFERENCE_RAW_ATOM	RAW_SOURCE_EVIDENCE	시술명 table1	EXACT_PAGE	603	False
I301	AST_I301_N004	TABLE_REF	REFERENCE_RAW_ATOM	RAW_SOURCE_EVIDENCE	시술명 table1	EXACT_PAGE	603	False
I301	AST_I301_N005	TABLE_REF	REFERENCE_RAW_ATOM	RAW_SOURCE_EVIDENCE	부가코드	EXACT_PAGE	603	False
I301	AST_I301_N001	OR	STRUCTURAL_SOURCE_FRAGMENT	STRUCTURAL_AST_FRAGMENT	(At least 2 procedures in 시술명 table1) or (시술명 table1 and 부가코드)	EXACT_PAGE	603	False
I301	AST_I301_N003	AND	STRUCTURAL_SOURCE_FRAGMENT	STRUCTURAL_AST_FRAGMENT	시술명 table1 and 부가코드	EXACT_PAGE	603	False
I651	AST_I651_N002	TABLE_REF	REFERENCE_RAW_ATOM	RAW_SOURCE_EVIDENCE	주진단명 table1	EXACT_PAGE	611	False
I651	AST_I651_N003	TABLE_REF	REFERENCE_RAW_ATOM	RAW_SOURCE_EVIDENCE	시술명 table2	EXACT_PAGE	583	False
I651	AST_I651_N001	AND	STRUCTURAL_SOURCE_FRAGMENT	STRUCTURAL_AST_FRAGMENT	주진단명 table1 and 시술명 table2	EXACT_PAGE	611	False
I652	AST_I652_N002	TABLE_REF	REFERENCE_RAW_ATOM	RAW_SOURCE_EVIDENCE	주진단명 table1	EXACT_PAGE	611	False
I652	AST_I652_N004	TABLE_REF	REFERENCE_RAW_ATOM	RAW_SOURCE_EVIDENCE	시술명 table3	EXACT_PAGE	611	False
I652	AST_I652_N005	TABLE_REF	REFERENCE_RAW_ATOM	RAW_SOURCE_EVIDENCE	부가코드	EXACT_PAGE	611	False
I652	AST_I652_N001	AND	STRUCTURAL_SOURCE_FRAGMENT	STRUCTURAL_AST_FRAGMENT	주진단명 table1 and (시술명 table3 or 부가코드)	EXACT_PAGE	611	False
I652	AST_I652_N003	OR	STRUCTURAL_SOURCE_FRAGMENT	STRUCTURAL_AST_FRAGMENT	시술명 table3 or 부가코드	EXACT_PAGE	611	False
I681	AST_I681_N002	TABLE_REF	REFERENCE_RAW_ATOM	RAW_SOURCE_EVIDENCE	주진단명 table1	EXACT_PAGE	623	False
I681	AST_I681_N003	TABLE_REF	REFERENCE_RAW_ATOM	RAW_SOURCE_EVIDENCE	시술명 table 2	EXACT_PAGE	623	False
I681	AST_I681_N001	AND	STRUCTURAL_SOURCE_FRAGMENT	STRUCTURAL_AST_FRAGMENT	주진단명 table1 and 시술명 table 2	EXACT_PAGE	623	False
J021	AST_J021_N002	TABLE_REF	REFERENCE_RAW_ATOM	RAW_SOURCE_EVIDENCE	주진단명 table1	EXACT_PAGE	722	False
J021	AST_J021_N003	TABLE_REF	REFERENCE_RAW_ATOM	RAW_SOURCE_EVIDENCE	시술명 table2	EXACT_PAGE	722	False
J021	AST_J021_N001	AND	STRUCTURAL_SOURCE_FRAGMENT	STRUCTURAL_AST_FRAGMENT	주진단명 table1 and 시술명 table2	EXACT_PAGE	722	False
J022	AST_J022_N002	TABLE_REF	REFERENCE_RAW_ATOM	RAW_SOURCE_EVIDENCE	주진단명 table1	EXACT_PAGE	722	False
J022	AST_J022_N003	TABLE_REF	REFERENCE_RAW_ATOM	RAW_SOURCE_EVIDENCE	시술명 table3	EXACT_PAGE	723	False
J022	AST_J022_N001	AND	STRUCTURAL_SOURCE_FRAGMENT	STRUCTURAL_AST_FRAGMENT	주진단명 table1 and 시술명 table3	EXACT_PAGE	723	False
J031	AST_J031_N003	TEXT_CONDITION	LEAF_SOURCE_FRAGMENT	RAW_SOURCE_EVIDENCE	MDC09의 주진단명	EXACT_PAGE	724	False
J031	AST_J031_N004	TABLE_REF	REFERENCE_RAW_ATOM	RAW_SOURCE_EVIDENCE	주진단명 table1	EXACT_PAGE	722	False
J031	AST_J031_N005	TABLE_REF	REFERENCE_RAW_ATOM	RAW_SOURCE_EVIDENCE	시술명 table1	EXACT_PAGE	724	False
J031	AST_J031_N001	AND	STRUCTURAL_SOURCE_FRAGMENT	STRUCTURAL_AST_FRAGMENT	J02의 주진단명 table1을 제외한 MDC09의 주진단명 and 시술명 table1	EXACT_PAGE	724	False
J031	AST_J031_N002	EXCLUSION	STRUCTURAL_SOURCE_FRAGMENT	STRUCTURAL_AST_FRAGMENT	J02의 주진단명 table1을 제외한 MDC09의 주진단명	EXACT_PAGE	724	False
J032	AST_J032_N003	TEXT_CONDITION	LEAF_SOURCE_FRAGMENT	RAW_SOURCE_EVIDENCE	MDC09의 주진단명	EXACT_PAGE	724	False
J032	AST_J032_N004	TABLE_REF	REFERENCE_RAW_ATOM	RAW_SOURCE_EVIDENCE	주진단명 table1	EXACT_PAGE	723	False
J032	AST_J032_N005	TABLE_REF	REFERENCE_RAW_ATOM	RAW_SOURCE_EVIDENCE	시술명 table2	EXACT_PAGE	723	False
J032	AST_J032_N001	AND	STRUCTURAL_SOURCE_FRAGMENT	STRUCTURAL_AST_FRAGMENT	J02의 주진단명 table1을 제외한 MDC09의 주진단명 and 시술명 table2	EXACT_PAGE	725	False
J032	AST_J032_N002	EXCLUSION	STRUCTURAL_SOURCE_FRAGMENT	STRUCTURAL_AST_FRAGMENT	J02의 주진단명 table1을 제외한 MDC09의 주진단명	EXACT_PAGE	724	False
J061	AST_J061_N002	TABLE_REF	REFERENCE_RAW_ATOM	RAW_SOURCE_EVIDENCE	주진단명 또는 기타진단명 table1	EXACT_PAGE	732	False
J061	AST_J061_N003	TABLE_REF	REFERENCE_RAW_ATOM	RAW_SOURCE_EVIDENCE	시술명 table2	EXACT_PAGE	732	False
J061	AST_J061_N001	AND	STRUCTURAL_SOURCE_FRAGMENT	STRUCTURAL_AST_FRAGMENT	주진단명 또는 기타진단명 table1 and 시술명 table2	EXACT_PAGE	732	False
J062	AST_J062_N002	TABLE_REF	REFERENCE_RAW_ATOM	RAW_SOURCE_EVIDENCE	주진단명 또는 기타진단명 table1	EXACT_PAGE	732	False
J062	AST_J062_N003	TABLE_REF	REFERENCE_RAW_ATOM	RAW_SOURCE_EVIDENCE	시술명 table3	EXACT_PAGE	732	False
J062	AST_J062_N001	AND	STRUCTURAL_SOURCE_FRAGMENT	STRUCTURAL_AST_FRAGMENT	주진단명 또는 기타진단명 table1 and 시술명 table3	EXACT_PAGE	732	False
J063	AST_J063_N002	TABLE_REF	REFERENCE_RAW_ATOM	RAW_SOURCE_EVIDENCE	주진단명 table1	EXACT_PAGE	733	False
J063	AST_J063_N003	TABLE_REF	REFERENCE_RAW_ATOM	RAW_SOURCE_EVIDENCE	시술명 table2	EXACT_PAGE	732	False
J063	AST_J063_N001	AND	STRUCTURAL_SOURCE_FRAGMENT	STRUCTURAL_AST_FRAGMENT	주진단명 table1 and 시술명 table2	EXACT_PAGE	733	False
J071	AST_J071_N002	TABLE_REF	REFERENCE_RAW_ATOM	RAW_SOURCE_EVIDENCE	주진단명 table1	EXACT_PAGE	733	False
J071	AST_J071_N003	TABLE_REF	REFERENCE_RAW_ATOM	RAW_SOURCE_EVIDENCE	시술명 table2	EXACT_PAGE	732	False
J071	AST_J071_N004	TABLE_REF	REFERENCE_RAW_ATOM	RAW_SOURCE_EVIDENCE	부가코드	EXACT_PAGE	734	False
J071	AST_J071_N001	AND	STRUCTURAL_SOURCE_FRAGMENT	STRUCTURAL_AST_FRAGMENT	주진단명 table1 and 시술명 table2 and 부가코드	EXACT_PAGE	734	False
J072	AST_J072_N002	TABLE_REF	REFERENCE_RAW_ATOM	RAW_SOURCE_EVIDENCE	주진단명 table1	EXACT_PAGE	733	False
J072	AST_J072_N003	TABLE_REF	REFERENCE_RAW_ATOM	RAW_SOURCE_EVIDENCE	시술명 table2	EXACT_PAGE	732	False
J072	AST_J072_N001	AND	STRUCTURAL_SOURCE_FRAGMENT	STRUCTURAL_AST_FRAGMENT	주진단명 table1 and 시술명 table2	EXACT_PAGE	733	False
J080	AST_J080_N002	TABLE_REF	REFERENCE_RAW_ATOM	RAW_SOURCE_EVIDENCE	주진단명 table1	EXACT_PAGE	733	False
J080	AST_J080_N003	TABLE_REF	REFERENCE_RAW_ATOM	RAW_SOURCE_EVIDENCE	시술명 table2	EXACT_PAGE	733	False
J080	AST_J080_N001	AND	STRUCTURAL_SOURCE_FRAGMENT	STRUCTURAL_AST_FRAGMENT	주진단명 table1 and 시술명 table2	EXACT_PAGE	733	False
J090	AST_J090_N002	TABLE_REF	REFERENCE_RAW_ATOM	RAW_SOURCE_EVIDENCE	주진단명 또는 기타진단명 table1	EXACT_PAGE	736	False
J090	AST_J090_N003	TABLE_REF	REFERENCE_RAW_ATOM	RAW_SOURCE_EVIDENCE	시술명 table2	EXACT_PAGE	734	False
J090	AST_J090_N001	AND	STRUCTURAL_SOURCE_FRAGMENT	STRUCTURAL_AST_FRAGMENT	주진단명 또는 기타진단명 table1 and 시술명 table2	EXACT_PAGE	736	False
J501	AST_J501_N002	TABLE_REF	REFERENCE_RAW_ATOM	RAW_SOURCE_EVIDENCE	주진단명 table1	EXACT_PAGE	739	False
J501	AST_J501_N003	TABLE_REF	REFERENCE_RAW_ATOM	RAW_SOURCE_EVIDENCE	시술명 table3	EXACT_PAGE	739	False
J501	AST_J501_N001	AND	STRUCTURAL_SOURCE_FRAGMENT	STRUCTURAL_AST_FRAGMENT	주진단명 table1 and 시술명 table3	EXACT_PAGE	739	False
J502	AST_J502_N002	TEXT_CONDITION	REFERENCE_RAW_ATOM	RAW_SOURCE_EVIDENCE	주진단명 또는 기타진단명 table2	EXACT_PAGE	739	False
J502	AST_J502_N003	TABLE_REF	REFERENCE_RAW_ATOM	RAW_SOURCE_EVIDENCE	시술명 table3	EXACT_PAGE	739	False
J502	AST_J502_N001	AND	STRUCTURAL_SOURCE_FRAGMENT	STRUCTURAL_AST_FRAGMENT	주진단명 또는 기타진단명 table2(주진단이 악성종양의 경우 제외) and 시술명 table3	EXACT_PAGE	739	False
J611	AST_J611_N002	TABLE_REF	REFERENCE_RAW_ATOM	RAW_SOURCE_EVIDENCE	주진단명 table1	EXACT_PAGE	742	False
J611	AST_J611_N003	TABLE_REF	REFERENCE_RAW_ATOM	RAW_SOURCE_EVIDENCE	시술명 table2	EXACT_PAGE	742	False
J611	AST_J611_N001	AND	STRUCTURAL_SOURCE_FRAGMENT	STRUCTURAL_AST_FRAGMENT	주진단명 table1 and 시술명 table2	EXACT_PAGE	742	False
J612	AST_J612_N002	TABLE_REF	REFERENCE_RAW_ATOM	RAW_SOURCE_EVIDENCE	주진단명 table1	EXACT_PAGE	742	False
J612	AST_J612_N004	TABLE_REF	REFERENCE_RAW_ATOM	RAW_SOURCE_EVIDENCE	시술명 table3	EXACT_PAGE	741	False
J612	AST_J612_N005	TABLE_REF	REFERENCE_RAW_ATOM	RAW_SOURCE_EVIDENCE	부가코드	EXACT_PAGE	742	False
J612	AST_J612_N001	AND	STRUCTURAL_SOURCE_FRAGMENT	STRUCTURAL_AST_FRAGMENT	주진단명 table1 and (시술명 table3 or 부가코드)	EXACT_PAGE	742	False
J612	AST_J612_N003	OR	STRUCTURAL_SOURCE_FRAGMENT	STRUCTURAL_AST_FRAGMENT	시술명 table3 or 부가코드	EXACT_PAGE	742	False
J631	AST_J631_N002	TABLE_REF	REFERENCE_RAW_ATOM	RAW_SOURCE_EVIDENCE	주진단명 table1	EXACT_PAGE	742	False
J631	AST_J631_N003	TABLE_REF	REFERENCE_RAW_ATOM	RAW_SOURCE_EVIDENCE	시술명 table2	EXACT_PAGE	742	False
J631	AST_J631_N001	AND	STRUCTURAL_SOURCE_FRAGMENT	STRUCTURAL_AST_FRAGMENT	주진단명 table1 and 시술명 table2	EXACT_PAGE	742	False
J632	AST_J632_N002	TABLE_REF	REFERENCE_RAW_ATOM	RAW_SOURCE_EVIDENCE	주진단명 table1	EXACT_PAGE	742	False
J632	AST_J632_N004	TABLE_REF	REFERENCE_RAW_ATOM	RAW_SOURCE_EVIDENCE	시술명 table3	EXACT_PAGE	742	False
J632	AST_J632_N005	TABLE_REF	REFERENCE_RAW_ATOM	RAW_SOURCE_EVIDENCE	부가코드	EXACT_PAGE	742	False
J632	AST_J632_N001	AND	STRUCTURAL_SOURCE_FRAGMENT	STRUCTURAL_AST_FRAGMENT	주진단명 table1 and (시술명 table3 or 부가코드)	EXACT_PAGE	742	False
J632	AST_J632_N003	OR	STRUCTURAL_SOURCE_FRAGMENT	STRUCTURAL_AST_FRAGMENT	시술명 table3 or 부가코드	EXACT_PAGE	742	False
K031	AST_K031_N002	TABLE_REF	REFERENCE_RAW_ATOM	RAW_SOURCE_EVIDENCE	시술명 table1	EXACT_PAGE	769	False
K031	AST_K031_N003	TABLE_REF	REFERENCE_RAW_ATOM	RAW_SOURCE_EVIDENCE	부가코드	EXACT_PAGE	742	False
K031	AST_K031_N001	AND	STRUCTURAL_SOURCE_FRAGMENT	STRUCTURAL_AST_FRAGMENT	시술명 table1 and 부가코드	EXACT_PAGE	769	False
K051	AST_K051_N002	TABLE_REF	REFERENCE_RAW_ATOM	RAW_SOURCE_EVIDENCE	시술명 table1	EXACT_PAGE	769	False
K051	AST_K051_N003	TABLE_REF	REFERENCE_RAW_ATOM	RAW_SOURCE_EVIDENCE	부가코드	EXACT_PAGE	743	False
K051	AST_K051_N001	AND	STRUCTURAL_SOURCE_FRAGMENT	STRUCTURAL_AST_FRAGMENT	시술명 table1 and 부가코드	EXACT_PAGE	769	False
K063	AST_K063_N002	TABLE_REF	REFERENCE_RAW_ATOM	RAW_SOURCE_EVIDENCE	진단명 table1	EXACT_PAGE	744	False
K063	AST_K063_N003	TABLE_REF	REFERENCE_RAW_ATOM	RAW_SOURCE_EVIDENCE	시술명 table3	EXACT_PAGE	743	False
K063	AST_K063_N001	AND	STRUCTURAL_SOURCE_FRAGMENT	STRUCTURAL_AST_FRAGMENT	진단명 table1 and 시술명 table3	EXACT_PAGE	771	False
K064	AST_K064_N002	TABLE_REF	REFERENCE_RAW_ATOM	RAW_SOURCE_EVIDENCE	진단명 table1	EXACT_PAGE	744	False
K064	AST_K064_N003	TABLE_REF	REFERENCE_RAW_ATOM	RAW_SOURCE_EVIDENCE	시술명 table2	EXACT_PAGE	744	False
K064	AST_K064_N001	AND	STRUCTURAL_SOURCE_FRAGMENT	STRUCTURAL_AST_FRAGMENT	진단명 table1 and 시술명 table2	EXACT_PAGE	744	False
K091	AST_K091_N002	TABLE_REF	REFERENCE_RAW_ATOM	RAW_SOURCE_EVIDENCE	시술명 table1	EXACT_PAGE	771	False
K091	AST_K091_N003	TABLE_REF	REFERENCE_RAW_ATOM	RAW_SOURCE_EVIDENCE	부가코드	EXACT_PAGE	746	False
K091	AST_K091_N001	AND	STRUCTURAL_SOURCE_FRAGMENT	STRUCTURAL_AST_FRAGMENT	시술명 table1 and 부가코드	EXACT_PAGE	771	False
K700	AST_K700_N002	TABLE_REF	REFERENCE_RAW_ATOM	RAW_SOURCE_EVIDENCE	주진단명 table1	EXACT_PAGE	790	False
K700	AST_K700_N003	TABLE_REF	REFERENCE_RAW_ATOM	RAW_SOURCE_EVIDENCE	시술명 table2	EXACT_PAGE	790	False
K700	AST_K700_N001	AND	STRUCTURAL_SOURCE_FRAGMENT	STRUCTURAL_AST_FRAGMENT	주진단명 table1 and 시술명 table2	EXACT_PAGE	790	False
L027	AST_L027_N002	TABLE_REF	REFERENCE_RAW_ATOM	RAW_SOURCE_EVIDENCE	시술명 table1	EXACT_PAGE	811	False
L027	AST_L027_N003	TABLE_REF	REFERENCE_RAW_ATOM	RAW_SOURCE_EVIDENCE	부가코드	EXACT_PAGE	811	False
L027	AST_L027_N001	AND	STRUCTURAL_SOURCE_FRAGMENT	STRUCTURAL_AST_FRAGMENT	시술명 table1 and 부가코드	EXACT_PAGE	811	False
L031	AST_L031_N002	TABLE_REF	REFERENCE_RAW_ATOM	RAW_SOURCE_EVIDENCE	시술명 table1	EXACT_PAGE	811	False
L031	AST_L031_N003	TABLE_REF	REFERENCE_RAW_ATOM	RAW_SOURCE_EVIDENCE	부가코드	EXACT_PAGE	811	False
L031	AST_L031_N001	AND	STRUCTURAL_SOURCE_FRAGMENT	STRUCTURAL_AST_FRAGMENT	시술명 table1 and 부가코드	EXACT_PAGE	811	False
L034	AST_L034_N002	TABLE_REF	REFERENCE_RAW_ATOM	RAW_SOURCE_EVIDENCE	시술명 table1	EXACT_PAGE	811	False
L034	AST_L034_N003	TABLE_REF	REFERENCE_RAW_ATOM	RAW_SOURCE_EVIDENCE	부가코드	EXACT_PAGE	811	False
L034	AST_L034_N001	AND	STRUCTURAL_SOURCE_FRAGMENT	STRUCTURAL_AST_FRAGMENT	시술명 table1 and 부가코드	EXACT_PAGE	811	False
L081	AST_L081_N002	TABLE_REF	REFERENCE_RAW_ATOM	RAW_SOURCE_EVIDENCE	시술명 table1	EXACT_PAGE	813	False
L081	AST_L081_N003	TABLE_REF	REFERENCE_RAW_ATOM	RAW_SOURCE_EVIDENCE	부가코드	EXACT_PAGE	813	False
L081	AST_L081_N001	AND	STRUCTURAL_SOURCE_FRAGMENT	STRUCTURAL_AST_FRAGMENT	시술명 table1 and 부가코드	EXACT_PAGE	815	False
L091	AST_L091_N002	TABLE_REF	REFERENCE_RAW_ATOM	RAW_SOURCE_EVIDENCE	시술명 table1	EXACT_PAGE	815	False
L091	AST_L091_N003	TABLE_REF	REFERENCE_RAW_ATOM	RAW_SOURCE_EVIDENCE	시술명 table2	EXACT_PAGE	790	False
L091	AST_L091_N001	AND	STRUCTURAL_SOURCE_FRAGMENT	STRUCTURAL_AST_FRAGMENT	시술명 table1 and 시술명 table2	EXACT_PAGE	817	False
L092	AST_L092_N002	TABLE_REF	REFERENCE_RAW_ATOM	RAW_SOURCE_EVIDENCE	시술명 table1	EXACT_PAGE	815	False
L092	AST_L092_N003	TABLE_REF	REFERENCE_RAW_ATOM	RAW_SOURCE_EVIDENCE	시술명 table2	EXACT_PAGE	790	False
L092	AST_L092_N001	OR	STRUCTURAL_SOURCE_FRAGMENT	STRUCTURAL_AST_FRAGMENT	시술명 table1 or 시술명 table2	EXACT_PAGE	817	False
L132	AST_L132_N002	TABLE_REF	REFERENCE_RAW_ATOM	RAW_SOURCE_EVIDENCE	시술명 table1	EXACT_PAGE	817	False
L132	AST_L132_N003	TABLE_REF	REFERENCE_RAW_ATOM	RAW_SOURCE_EVIDENCE	시술명 table2	EXACT_PAGE	791	False
L132	AST_L132_N001	AND	STRUCTURAL_SOURCE_FRAGMENT	STRUCTURAL_AST_FRAGMENT	시술명 table1 and 시술명 table2	EXACT_PAGE	817	False
L601	AST_L601_N002	TABLE_REF	REFERENCE_RAW_ATOM	RAW_SOURCE_EVIDENCE	주진단명 table1	EXACT_PAGE	824	False
L601	AST_L601_N003	TABLE_REF	REFERENCE_RAW_ATOM	RAW_SOURCE_EVIDENCE	시술명 table2	EXACT_PAGE	824	False
L601	AST_L601_N001	AND	STRUCTURAL_SOURCE_FRAGMENT	STRUCTURAL_AST_FRAGMENT	주진단명 table1 and 시술명 table2	EXACT_PAGE	824	False
L602	AST_L602_N002	TABLE_REF	REFERENCE_RAW_ATOM	RAW_SOURCE_EVIDENCE	주진단명 table1	EXACT_PAGE	824	False
L602	AST_L602_N003	TABLE_REF	REFERENCE_RAW_ATOM	RAW_SOURCE_EVIDENCE	시술명 table3	EXACT_PAGE	824	False
L602	AST_L602_N004	TABLE_REF	REFERENCE_RAW_ATOM	RAW_SOURCE_EVIDENCE	시술명 table4	EXACT_PAGE	824	False
L602	AST_L602_N001	AND	STRUCTURAL_SOURCE_FRAGMENT	STRUCTURAL_AST_FRAGMENT	주진단명 table1 and 시술명 table3 and 시술명 table4	EXACT_PAGE	824	False
L603	AST_L603_N002	TABLE_REF	REFERENCE_RAW_ATOM	RAW_SOURCE_EVIDENCE	주진단명 table1	EXACT_PAGE	824	False
L603	AST_L603_N003	TABLE_REF	REFERENCE_RAW_ATOM	RAW_SOURCE_EVIDENCE	시술명 table3	EXACT_PAGE	824	False
L603	AST_L603_N001	AND	STRUCTURAL_SOURCE_FRAGMENT	STRUCTURAL_AST_FRAGMENT	주진단명 table1 and 시술명 table3	EXACT_PAGE	824	False
L611	AST_L611_N002	TABLE_REF	REFERENCE_RAW_ATOM	RAW_SOURCE_EVIDENCE	주진단명 table1	EXACT_PAGE	824	False
L611	AST_L611_N003	TABLE_REF	REFERENCE_RAW_ATOM	RAW_SOURCE_EVIDENCE	시술명 table2	EXACT_PAGE	824	False
L611	AST_L611_N001	AND	STRUCTURAL_SOURCE_FRAGMENT	STRUCTURAL_AST_FRAGMENT	주진단명 table1 and 시술명 table2	EXACT_PAGE	824	False
L612	AST_L612_N002	TABLE_REF	REFERENCE_RAW_ATOM	RAW_SOURCE_EVIDENCE	주진단명 table1	EXACT_PAGE	824	False
L612	AST_L612_N003	TABLE_REF	REFERENCE_RAW_ATOM	RAW_SOURCE_EVIDENCE	시술명 table3	EXACT_PAGE	824	False
L612	AST_L612_N001	AND	STRUCTURAL_SOURCE_FRAGMENT	STRUCTURAL_AST_FRAGMENT	주진단명 table1 and 시술명 table3	EXACT_PAGE	824	False
L621	AST_L621_N002	TABLE_REF	REFERENCE_RAW_ATOM	RAW_SOURCE_EVIDENCE	주진단명 table1	EXACT_PAGE	824	False
L621	AST_L621_N003	TABLE_REF	REFERENCE_RAW_ATOM	RAW_SOURCE_EVIDENCE	시술명 table2	EXACT_PAGE	824	False
L621	AST_L621_N001	AND	STRUCTURAL_SOURCE_FRAGMENT	STRUCTURAL_AST_FRAGMENT	주진단명 table1 and 시술명 table2	EXACT_PAGE	824	False
L631	AST_L631_N002	TABLE_REF	REFERENCE_RAW_ATOM	RAW_SOURCE_EVIDENCE	주진단명 table1	EXACT_PAGE	826	False
L631	AST_L631_N003	TABLE_REF	REFERENCE_RAW_ATOM	RAW_SOURCE_EVIDENCE	시술명 table2	EXACT_PAGE	826	False
L631	AST_L631_N001	AND	STRUCTURAL_SOURCE_FRAGMENT	STRUCTURAL_AST_FRAGMENT	주진단명 table1 and 시술명 table2	EXACT_PAGE	826	False
L632	AST_L632_N002	TABLE_REF	REFERENCE_RAW_ATOM	RAW_SOURCE_EVIDENCE	주진단명 table1	EXACT_PAGE	826	False
L632	AST_L632_N004	TABLE_REF	REFERENCE_RAW_ATOM	RAW_SOURCE_EVIDENCE	시술명 table3	EXACT_PAGE	826	False
L632	AST_L632_N005	TABLE_REF	REFERENCE_RAW_ATOM	RAW_SOURCE_EVIDENCE	부가코드	EXACT_PAGE	828	False
L632	AST_L632_N001	AND	STRUCTURAL_SOURCE_FRAGMENT	STRUCTURAL_AST_FRAGMENT	주진단명 table1 and (시술명 table3 or 부가코드)	EXACT_PAGE	828	False
L632	AST_L632_N003	OR	STRUCTURAL_SOURCE_FRAGMENT	STRUCTURAL_AST_FRAGMENT	시술명 table3 or 부가코드	EXACT_PAGE	828	False
L641	AST_L641_N002	TABLE_REF	REFERENCE_RAW_ATOM	RAW_SOURCE_EVIDENCE	주진단명 table1	EXACT_PAGE	829	False
L641	AST_L641_N003	TABLE_REF	REFERENCE_RAW_ATOM	RAW_SOURCE_EVIDENCE	기타진단명 table2	EXACT_PAGE	831	False
L641	AST_L641_N001	AND	STRUCTURAL_SOURCE_FRAGMENT	STRUCTURAL_AST_FRAGMENT	주진단명 table1 and 기타진단명 table2	EXACT_PAGE	831	False
L661	AST_L661_N002	TABLE_REF	REFERENCE_RAW_ATOM	RAW_SOURCE_EVIDENCE	주진단명 table1	EXACT_PAGE	831	False
L661	AST_L661_N003	TABLE_REF	REFERENCE_RAW_ATOM	RAW_SOURCE_EVIDENCE	시술명 table2	EXACT_PAGE	832	False
L661	AST_L661_N001	AND	STRUCTURAL_SOURCE_FRAGMENT	STRUCTURAL_AST_FRAGMENT	주진단명 table1 and 시술명 table2	EXACT_PAGE	832	False
M081	AST_M081_N002	TABLE_REF	REFERENCE_RAW_ATOM	RAW_SOURCE_EVIDENCE	시술명 table1	EXACT_PAGE	849	False
M081	AST_M081_N003	TABLE_REF	REFERENCE_RAW_ATOM	RAW_SOURCE_EVIDENCE	부가코드	EXACT_PAGE	849	False
M081	AST_M081_N001	AND	STRUCTURAL_SOURCE_FRAGMENT	STRUCTURAL_AST_FRAGMENT	시술명 table1 and 부가코드	EXACT_PAGE	849	False
M091	AST_M091_N002	TABLE_REF	REFERENCE_RAW_ATOM	RAW_SOURCE_EVIDENCE	시술명 table1	EXACT_PAGE	849	False
M091	AST_M091_N003	TABLE_REF	REFERENCE_RAW_ATOM	RAW_SOURCE_EVIDENCE	부가코드	EXACT_PAGE	849	False
M091	AST_M091_N001	AND	STRUCTURAL_SOURCE_FRAGMENT	STRUCTURAL_AST_FRAGMENT	시술명 table1 and 부가코드	EXACT_PAGE	849	False
M101	AST_M101_N002	TABLE_REF	REFERENCE_RAW_ATOM	RAW_SOURCE_EVIDENCE	주진단명 table1	EXACT_PAGE	824	False
M101	AST_M101_N003	TABLE_REF	REFERENCE_RAW_ATOM	RAW_SOURCE_EVIDENCE	시술명 table2	EXACT_PAGE	824	False
M101	AST_M101_N001	AND	STRUCTURAL_SOURCE_FRAGMENT	STRUCTURAL_AST_FRAGMENT	주진단명 table1 and 시술명 table2	EXACT_PAGE	824	False
M102	AST_M102_N002	TABLE_REF	REFERENCE_RAW_ATOM	RAW_SOURCE_EVIDENCE	시술명 table3	EXACT_PAGE	824	False
M102	AST_M102_N003	TABLE_REF	REFERENCE_RAW_ATOM	RAW_SOURCE_EVIDENCE	주진단명 table1	EXACT_PAGE	824	False
M102	AST_M102_N001	EXCLUSION	STRUCTURAL_SOURCE_FRAGMENT	STRUCTURAL_AST_FRAGMENT	시술명 table3 without 주진단명 table1	EXACT_PAGE	850	False
M601	AST_M601_N002	TABLE_REF	REFERENCE_RAW_ATOM	RAW_SOURCE_EVIDENCE	주진단명 table1	EXACT_PAGE	829	False
M601	AST_M601_N003	TABLE_REF	REFERENCE_RAW_ATOM	RAW_SOURCE_EVIDENCE	시술명 table2	EXACT_PAGE	829	False
M601	AST_M601_N001	AND	STRUCTURAL_SOURCE_FRAGMENT	STRUCTURAL_AST_FRAGMENT	주진단명 table1 and 시술명 table2	EXACT_PAGE	832	False
M602	AST_M602_N002	TABLE_REF	REFERENCE_RAW_ATOM	RAW_SOURCE_EVIDENCE	주진단명 table1	EXACT_PAGE	829	False
M602	AST_M602_N004	TABLE_REF	REFERENCE_RAW_ATOM	RAW_SOURCE_EVIDENCE	시술명 table3	EXACT_PAGE	830	False
M602	AST_M602_N005	TABLE_REF	REFERENCE_RAW_ATOM	RAW_SOURCE_EVIDENCE	부가코드	EXACT_PAGE	830	False
M602	AST_M602_N001	AND	STRUCTURAL_SOURCE_FRAGMENT	STRUCTURAL_AST_FRAGMENT	주진단명 table1 and (시술명 table3 or 부가코드)	EXACT_PAGE	857	False
M602	AST_M602_N003	OR	STRUCTURAL_SOURCE_FRAGMENT	STRUCTURAL_AST_FRAGMENT	시술명 table3 or 부가코드	EXACT_PAGE	857	False
N011	AST_N011_N002	TABLE_REF	REFERENCE_RAW_ATOM	RAW_SOURCE_EVIDENCE	주진단명 table1	EXACT_PAGE	850	False
N011	AST_N011_N005	TABLE_REF	REFERENCE_RAW_ATOM	RAW_SOURCE_EVIDENCE	시술명 table2	EXACT_PAGE	850	False
N011	AST_N011_N006	TABLE_REF	REFERENCE_RAW_ATOM	RAW_SOURCE_EVIDENCE	부가코드	EXACT_PAGE	849	False
N011	AST_N011_N007	TABLE_REF	REFERENCE_RAW_ATOM	RAW_SOURCE_EVIDENCE	시술명 table3	EXACT_PAGE	850	False
N011	AST_N011_N008	TABLE_REF	REFERENCE_RAW_ATOM	RAW_SOURCE_EVIDENCE	시술명 table5	EXACT_PAGE	874	False
N011	AST_N011_N001	AND	STRUCTURAL_SOURCE_FRAGMENT	STRUCTURAL_AST_FRAGMENT	주진단명 table1 and ((시술명 table2 and 부가코드) or 시술명 table3 or 시술명 table5)	NOT_FOUND		False
N011	AST_N011_N003	OR	STRUCTURAL_SOURCE_FRAGMENT	STRUCTURAL_AST_FRAGMENT	(시술명 table2 and 부가코드) or 시술명 table3 or 시술명 table5	EXACT_PAGE	874	False
N011	AST_N011_N004	AND	STRUCTURAL_SOURCE_FRAGMENT	STRUCTURAL_AST_FRAGMENT	시술명 table2 and 부가코드	EXACT_PAGE	874	False
N012	AST_N012_N002	TABLE_REF	REFERENCE_RAW_ATOM	RAW_SOURCE_EVIDENCE	주진단명 table1	EXACT_PAGE	850	False
N012	AST_N012_N004	TABLE_REF	REFERENCE_RAW_ATOM	RAW_SOURCE_EVIDENCE	시술명 table2	EXACT_PAGE	850	False
N012	AST_N012_N005	TABLE_REF	REFERENCE_RAW_ATOM	RAW_SOURCE_EVIDENCE	시술명 table4	EXACT_PAGE	874	False
N012	AST_N012_N006	TABLE_REF	REFERENCE_RAW_ATOM	RAW_SOURCE_EVIDENCE	시술명 table6	EXACT_PAGE	874	False
N012	AST_N012_N001	AND	STRUCTURAL_SOURCE_FRAGMENT	STRUCTURAL_AST_FRAGMENT	주진단명 table1 and (시술명 table2 or 시술명 table4 or 시술명 table6)	EXACT_PAGE	874	False
N012	AST_N012_N003	OR	STRUCTURAL_SOURCE_FRAGMENT	STRUCTURAL_AST_FRAGMENT	시술명 table2 or 시술명 table4 or 시술명 table6	EXACT_PAGE	874	False
N021	AST_N021_N003	TABLE_REF	REFERENCE_RAW_ATOM	RAW_SOURCE_EVIDENCE	시술명 table1	EXACT_PAGE	849	False
N021	AST_N021_N004	TABLE_REF	REFERENCE_RAW_ATOM	RAW_SOURCE_EVIDENCE	부가코드	EXACT_PAGE	849	False
N021	AST_N021_N005	TABLE_REF	REFERENCE_RAW_ATOM	RAW_SOURCE_EVIDENCE	시술명 table2	EXACT_PAGE	850	False
N021	AST_N021_N001	OR	STRUCTURAL_SOURCE_FRAGMENT	STRUCTURAL_AST_FRAGMENT	(시술명 table1 and 부가코드) or 시술명 table2	EXACT_PAGE	875	False
N021	AST_N021_N002	AND	STRUCTURAL_SOURCE_FRAGMENT	STRUCTURAL_AST_FRAGMENT	시술명 table1 and 부가코드	EXACT_PAGE	849	False
N022	AST_N022_N002	TABLE_REF	REFERENCE_RAW_ATOM	RAW_SOURCE_EVIDENCE	시술명 table1	EXACT_PAGE	849	False
N022	AST_N022_N003	TABLE_REF	REFERENCE_RAW_ATOM	RAW_SOURCE_EVIDENCE	시술명 table3	EXACT_PAGE	850	False
N022	AST_N022_N001	OR	STRUCTURAL_SOURCE_FRAGMENT	STRUCTURAL_AST_FRAGMENT	시술명 table1 or 시술명 table3	EXACT_PAGE	875	False
N031	AST_N031_N003	TABLE_REF	REFERENCE_RAW_ATOM	RAW_SOURCE_EVIDENCE	시술명 table1	EXACT_PAGE	849	False
N031	AST_N031_N004	TABLE_REF	REFERENCE_RAW_ATOM	RAW_SOURCE_EVIDENCE	부가코드	EXACT_PAGE	849	False
N031	AST_N031_N005	TABLE_REF	REFERENCE_RAW_ATOM	RAW_SOURCE_EVIDENCE	시술명 table2	EXACT_PAGE	850	False
N031	AST_N031_N001	OR	STRUCTURAL_SOURCE_FRAGMENT	STRUCTURAL_AST_FRAGMENT	(시술명 table1 and 부가코드) or 시술명 table2	EXACT_PAGE	875	False
N031	AST_N031_N002	AND	STRUCTURAL_SOURCE_FRAGMENT	STRUCTURAL_AST_FRAGMENT	시술명 table1 and 부가코드	EXACT_PAGE	849	False
N032	AST_N032_N002	TABLE_REF	REFERENCE_RAW_ATOM	RAW_SOURCE_EVIDENCE	시술명 table1	EXACT_PAGE	849	False
N032	AST_N032_N003	TABLE_REF	REFERENCE_RAW_ATOM	RAW_SOURCE_EVIDENCE	시술명 table3	EXACT_PAGE	850	False
N032	AST_N032_N001	OR	STRUCTURAL_SOURCE_FRAGMENT	STRUCTURAL_AST_FRAGMENT	시술명 table1 or 시술명 table3	EXACT_PAGE	875	False
N041	AST_N041_N004	TABLE_REF	REFERENCE_RAW_ATOM	RAW_SOURCE_EVIDENCE	시술명 table2	EXACT_PAGE	850	False
N041	AST_N041_N006	TABLE_REF	REFERENCE_RAW_ATOM	RAW_SOURCE_EVIDENCE	주진단명 table1	EXACT_PAGE	850	False
N041	AST_N041_N007	TABLE_REF	REFERENCE_RAW_ATOM	RAW_SOURCE_EVIDENCE	시술명 table3	EXACT_PAGE	850	False
N041	AST_N041_N008	TABLE_REF	REFERENCE_RAW_ATOM	RAW_SOURCE_EVIDENCE	부가코드	EXACT_PAGE	849	False
N041	AST_N041_N010	TABLE_REF	REFERENCE_RAW_ATOM	RAW_SOURCE_EVIDENCE	주진단명 table1	EXACT_PAGE	850	False
N041	AST_N041_N011	TABLE_REF	REFERENCE_RAW_ATOM	RAW_SOURCE_EVIDENCE	시술명 table4	EXACT_PAGE	874	False
N041	AST_N041_N012	TABLE_REF	REFERENCE_RAW_ATOM	RAW_SOURCE_EVIDENCE	시술명 table5	EXACT_PAGE	874	False
N041	AST_N041_N001	OR	STRUCTURAL_SOURCE_FRAGMENT	STRUCTURAL_AST_FRAGMENT	(시술명 table2 or (주진단명 table1 and 시술명 table3)) and 부가코드or (주진단명 table1 and 시술명 table4) or 시술명 table5	NOT_FOUND		False
N041	AST_N041_N002	AND	STRUCTURAL_SOURCE_FRAGMENT	STRUCTURAL_AST_FRAGMENT	(시술명 table2 or (주진단명 table1 and 시술명 table3)) and 부가코드	NOT_FOUND		False
N041	AST_N041_N003	OR	STRUCTURAL_SOURCE_FRAGMENT	STRUCTURAL_AST_FRAGMENT	시술명 table2 or (주진단명 table1 and 시술명 table3)	EXACT_PAGE	876	False
N041	AST_N041_N005	AND	STRUCTURAL_SOURCE_FRAGMENT	STRUCTURAL_AST_FRAGMENT	주진단명 table1 and 시술명 table3	EXACT_PAGE	876	False
N041	AST_N041_N009	AND	STRUCTURAL_SOURCE_FRAGMENT	STRUCTURAL_AST_FRAGMENT	주진단명 table1 and 시술명 table4	EXACT_PAGE	876	False
N042	AST_N042_N002	TABLE_REF	REFERENCE_RAW_ATOM	RAW_SOURCE_EVIDENCE	시술명 table2	EXACT_PAGE	850	False
N042	AST_N042_N003	TABLE_REF	REFERENCE_RAW_ATOM	RAW_SOURCE_EVIDENCE	시술명 table6	EXACT_PAGE	874	False
N042	AST_N042_N005	TABLE_REF	REFERENCE_RAW_ATOM	RAW_SOURCE_EVIDENCE	주진단명 table1	EXACT_PAGE	850	False
N042	AST_N042_N007	TABLE_REF	REFERENCE_RAW_ATOM	RAW_SOURCE_EVIDENCE	시술명 table3	EXACT_PAGE	850	False
N042	AST_N042_N008	TABLE_REF	REFERENCE_RAW_ATOM	RAW_SOURCE_EVIDENCE	시술명 table7	EXACT_PAGE	876	False
N042	AST_N042_N001	OR	STRUCTURAL_SOURCE_FRAGMENT	STRUCTURAL_AST_FRAGMENT	시술명 table2 or 시술명 table6 or (주진단명 table1 and (시술명 table3 or 시술명 table7))	NOT_FOUND		False
N042	AST_N042_N004	AND	STRUCTURAL_SOURCE_FRAGMENT	STRUCTURAL_AST_FRAGMENT	주진단명 table1 and (시술명 table3 or 시술명 table7)	EXACT_PAGE	876	False
N042	AST_N042_N006	OR	STRUCTURAL_SOURCE_FRAGMENT	STRUCTURAL_AST_FRAGMENT	시술명 table3 or 시술명 table7	EXACT_PAGE	876	False
N051	AST_N051_N003	TABLE_REF	REFERENCE_RAW_ATOM	RAW_SOURCE_EVIDENCE	시술명 table1	EXACT_PAGE	850	False
N051	AST_N051_N004	TABLE_REF	REFERENCE_RAW_ATOM	RAW_SOURCE_EVIDENCE	부가코드	EXACT_PAGE	850	False
N051	AST_N051_N005	TABLE_REF	REFERENCE_RAW_ATOM	RAW_SOURCE_EVIDENCE	시술명 table2	EXACT_PAGE	850	False
N051	AST_N051_N001	OR	STRUCTURAL_SOURCE_FRAGMENT	STRUCTURAL_AST_FRAGMENT	(시술명 table1 and 부가코드) or 시술명 table2	EXACT_PAGE	876	False
N051	AST_N051_N002	AND	STRUCTURAL_SOURCE_FRAGMENT	STRUCTURAL_AST_FRAGMENT	시술명 table1 and 부가코드	EXACT_PAGE	876	False
N052	AST_N052_N002	TABLE_REF	REFERENCE_RAW_ATOM	RAW_SOURCE_EVIDENCE	시술명 table1	EXACT_PAGE	850	False
N052	AST_N052_N003	TABLE_REF	REFERENCE_RAW_ATOM	RAW_SOURCE_EVIDENCE	시술명 table3	EXACT_PAGE	850	False
N052	AST_N052_N001	OR	STRUCTURAL_SOURCE_FRAGMENT	STRUCTURAL_AST_FRAGMENT	시술명 table1 or 시술명 table3	EXACT_PAGE	876	False
N061	AST_N061_N002	TABLE_REF	REFERENCE_RAW_ATOM	RAW_SOURCE_EVIDENCE	시술명 table1	EXACT_PAGE	850	False
N061	AST_N061_N003	TABLE_REF	REFERENCE_RAW_ATOM	RAW_SOURCE_EVIDENCE	부가코드	EXACT_PAGE	850	False
N061	AST_N061_N001	AND	STRUCTURAL_SOURCE_FRAGMENT	STRUCTURAL_AST_FRAGMENT	시술명 table1 and 부가코드	EXACT_PAGE	876	False
N071	AST_N071_N004	TABLE_REF	REFERENCE_RAW_ATOM	RAW_SOURCE_EVIDENCE	시술명 table2	EXACT_PAGE	851	False
N071	AST_N071_N006	TABLE_REF	REFERENCE_RAW_ATOM	RAW_SOURCE_EVIDENCE	주진단명 table1	EXACT_PAGE	879	False
N071	AST_N071_N007	TABLE_REF	REFERENCE_RAW_ATOM	RAW_SOURCE_EVIDENCE	시술명 table3	EXACT_PAGE	854	False
N071	AST_N071_N008	TABLE_REF	REFERENCE_RAW_ATOM	RAW_SOURCE_EVIDENCE	부가코드	EXACT_PAGE	877	False
N071	AST_N071_N010	TABLE_REF	REFERENCE_RAW_ATOM	RAW_SOURCE_EVIDENCE	주진단명 table1	EXACT_PAGE	879	False
N071	AST_N071_N011	TABLE_REF	REFERENCE_RAW_ATOM	RAW_SOURCE_EVIDENCE	시술명 table4	EXACT_PAGE	877	False
N071	AST_N071_N001	OR	STRUCTURAL_SOURCE_FRAGMENT	STRUCTURAL_AST_FRAGMENT	((시술명 table2 or (주진단명 table1 and 시술명 table3)) and 부가코드)or (주진단명 table1 and 시술명 table4)	NOT_FOUND		False
N071	AST_N071_N002	AND	STRUCTURAL_SOURCE_FRAGMENT	STRUCTURAL_AST_FRAGMENT	(시술명 table2 or (주진단명 table1 and 시술명 table3)) and 부가코드	NOT_FOUND		False
N071	AST_N071_N003	OR	STRUCTURAL_SOURCE_FRAGMENT	STRUCTURAL_AST_FRAGMENT	시술명 table2 or (주진단명 table1 and 시술명 table3)	EXACT_PAGE	879	False
N071	AST_N071_N005	AND	STRUCTURAL_SOURCE_FRAGMENT	STRUCTURAL_AST_FRAGMENT	주진단명 table1 and 시술명 table3	EXACT_PAGE	879	False
N071	AST_N071_N009	AND	STRUCTURAL_SOURCE_FRAGMENT	STRUCTURAL_AST_FRAGMENT	주진단명 table1 and 시술명 table4	EXACT_PAGE	879	False
N072	AST_N072_N002	TABLE_REF	REFERENCE_RAW_ATOM	RAW_SOURCE_EVIDENCE	시술명 table2	EXACT_PAGE	851	False
N072	AST_N072_N004	TABLE_REF	REFERENCE_RAW_ATOM	RAW_SOURCE_EVIDENCE	주진단명 table1	EXACT_PAGE	879	False
N072	AST_N072_N006	TABLE_REF	REFERENCE_RAW_ATOM	RAW_SOURCE_EVIDENCE	시술명 table3	EXACT_PAGE	854	False
N072	AST_N072_N007	TABLE_REF	REFERENCE_RAW_ATOM	RAW_SOURCE_EVIDENCE	시술명 table5	EXACT_PAGE	877	False
N072	AST_N072_N001	OR	STRUCTURAL_SOURCE_FRAGMENT	STRUCTURAL_AST_FRAGMENT	시술명 table2 or (주진단명 table1 and (시술명 table3 or 시술명 table5))	NOT_FOUND		False
N072	AST_N072_N003	AND	STRUCTURAL_SOURCE_FRAGMENT	STRUCTURAL_AST_FRAGMENT	주진단명 table1 and (시술명 table3 or 시술명 table5)	EXACT_PAGE	879	False
N072	AST_N072_N005	OR	STRUCTURAL_SOURCE_FRAGMENT	STRUCTURAL_AST_FRAGMENT	시술명 table3 or 시술명 table5	EXACT_PAGE	879	False
N081	AST_N081_N002	TABLE_REF	REFERENCE_RAW_ATOM	RAW_SOURCE_EVIDENCE	시술명 table1	EXACT_PAGE	878	False
N081	AST_N081_N003	TABLE_REF	REFERENCE_RAW_ATOM	RAW_SOURCE_EVIDENCE	부가코드	EXACT_PAGE	878	False
N081	AST_N081_N001	AND	STRUCTURAL_SOURCE_FRAGMENT	STRUCTURAL_AST_FRAGMENT	시술명 table1 and 부가코드	EXACT_PAGE	878	False
N091	AST_N091_N002	TABLE_REF	REFERENCE_RAW_ATOM	RAW_SOURCE_EVIDENCE	시술명 table1	EXACT_PAGE	880	False
N091	AST_N091_N003	TABLE_REF	REFERENCE_RAW_ATOM	RAW_SOURCE_EVIDENCE	부가코드	EXACT_PAGE	857	False
N091	AST_N091_N001	AND	STRUCTURAL_SOURCE_FRAGMENT	STRUCTURAL_AST_FRAGMENT	시술명 table1 and 부가코드	EXACT_PAGE	880	False
N101	AST_N101_N003	TABLE_REF	REFERENCE_RAW_ATOM	RAW_SOURCE_EVIDENCE	시술명 table1	EXACT_PAGE	880	False
N101	AST_N101_N004	TABLE_REF	REFERENCE_RAW_ATOM	RAW_SOURCE_EVIDENCE	부가코드	EXACT_PAGE	857	False
N101	AST_N101_N005	TABLE_REF	REFERENCE_RAW_ATOM	RAW_SOURCE_EVIDENCE	시술명 table2	EXACT_PAGE	857	False
N101	AST_N101_N001	OR	STRUCTURAL_SOURCE_FRAGMENT	STRUCTURAL_AST_FRAGMENT	(시술명 table1 and 부가코드) or 시술명 table2	EXACT_PAGE	881	False
N101	AST_N101_N002	AND	STRUCTURAL_SOURCE_FRAGMENT	STRUCTURAL_AST_FRAGMENT	시술명 table1 and 부가코드	EXACT_PAGE	880	False
N102	AST_N102_N002	TABLE_REF	REFERENCE_RAW_ATOM	RAW_SOURCE_EVIDENCE	시술명 table1	EXACT_PAGE	880	False
N102	AST_N102_N003	TABLE_REF	REFERENCE_RAW_ATOM	RAW_SOURCE_EVIDENCE	시술명 table3	EXACT_PAGE	854	False
N102	AST_N102_N001	OR	STRUCTURAL_SOURCE_FRAGMENT	STRUCTURAL_AST_FRAGMENT	시술명 table1 or 시술명 table3	EXACT_PAGE	881	False
N151	AST_N151_N002	TABLE_REF	REFERENCE_RAW_ATOM	RAW_SOURCE_EVIDENCE	시술명 table1	EXACT_PAGE	882	False
N151	AST_N151_N003	TABLE_REF	REFERENCE_RAW_ATOM	RAW_SOURCE_EVIDENCE	부가코드	EXACT_PAGE	857	False
N151	AST_N151_N001	AND	STRUCTURAL_SOURCE_FRAGMENT	STRUCTURAL_AST_FRAGMENT	시술명 table1 and 부가코드	EXACT_PAGE	884	False
N161	AST_N161_N002	TABLE_REF	REFERENCE_RAW_ATOM	RAW_SOURCE_EVIDENCE	시술명 table1	EXACT_PAGE	882	False
N161	AST_N161_N003	TABLE_REF	REFERENCE_RAW_ATOM	RAW_SOURCE_EVIDENCE	부가코드	EXACT_PAGE	857	False
N161	AST_N161_N001	AND	STRUCTURAL_SOURCE_FRAGMENT	STRUCTURAL_AST_FRAGMENT	시술명 table1 and 부가코드	EXACT_PAGE	884	False
N170	AST_N170_N002	TABLE_REF	REFERENCE_RAW_ATOM	RAW_SOURCE_EVIDENCE	주진단명 table1	EXACT_PAGE	888	False
N170	AST_N170_N003	TABLE_REF	REFERENCE_RAW_ATOM	RAW_SOURCE_EVIDENCE	시술명 table2	EXACT_PAGE	888	False
N170	AST_N170_N001	AND	STRUCTURAL_SOURCE_FRAGMENT	STRUCTURAL_AST_FRAGMENT	주진단명 table1 and 시술명 table2	EXACT_PAGE	888	False
N601	AST_N601_N002	TABLE_REF	REFERENCE_RAW_ATOM	RAW_SOURCE_EVIDENCE	주진단명 table1	EXACT_PAGE	888	False
N601	AST_N601_N003	TABLE_REF	REFERENCE_RAW_ATOM	RAW_SOURCE_EVIDENCE	시술명 table2	EXACT_PAGE	888	False
N601	AST_N601_N001	AND	STRUCTURAL_SOURCE_FRAGMENT	STRUCTURAL_AST_FRAGMENT	주진단명 table1 and 시술명 table2	EXACT_PAGE	888	False
N602	AST_N602_N002	TABLE_REF	REFERENCE_RAW_ATOM	RAW_SOURCE_EVIDENCE	주진단명 table1	EXACT_PAGE	888	False
N602	AST_N602_N004	TABLE_REF	REFERENCE_RAW_ATOM	RAW_SOURCE_EVIDENCE	시술명 table3	EXACT_PAGE	890	False
N602	AST_N602_N005	TABLE_REF	REFERENCE_RAW_ATOM	RAW_SOURCE_EVIDENCE	부가코드	EXACT_PAGE	888	False
N602	AST_N602_N001	AND	STRUCTURAL_SOURCE_FRAGMENT	STRUCTURAL_AST_FRAGMENT	주진단명 table1 and (시술명 table3 or 부가코드)	EXACT_PAGE	890	False
N602	AST_N602_N003	OR	STRUCTURAL_SOURCE_FRAGMENT	STRUCTURAL_AST_FRAGMENT	시술명 table3 or 부가코드	EXACT_PAGE	890	False
O011	AST_O011_N002	TABLE_REF	REFERENCE_RAW_ATOM	RAW_SOURCE_EVIDENCE	시술명 table2	EXACT_PAGE	888	False
O011	AST_O011_N004	TEXT_CONDITION	LEAF_SOURCE_FRAGMENT	RAW_SOURCE_EVIDENCE	연령 ≤34세	EXACT_PAGE	912	False
O011	AST_O011_N005	TABLE_REF	REFERENCE_RAW_ATOM	RAW_SOURCE_EVIDENCE	주진단명 table1	EXACT_PAGE	888	False
O011	AST_O011_N001	AND	STRUCTURAL_SOURCE_FRAGMENT	STRUCTURAL_AST_FRAGMENT	시술명 table2 and 연령 ≤34세 without 주진단명 table1	EXACT_PAGE	912	False
O011	AST_O011_N003	EXCLUSION	STRUCTURAL_SOURCE_FRAGMENT	STRUCTURAL_AST_FRAGMENT	연령 ≤34세 without 주진단명 table1	EXACT_PAGE	912	False
O012	AST_O012_N003	TABLE_REF	REFERENCE_RAW_ATOM	RAW_SOURCE_EVIDENCE	주진단명 table1	EXACT_PAGE	888	False
O012	AST_O012_N004	TEXT_CONDITION	LEAF_SOURCE_FRAGMENT	RAW_SOURCE_EVIDENCE	연령〉34세	EXACT_PAGE	912	False
O012	AST_O012_N005	TABLE_REF	REFERENCE_RAW_ATOM	RAW_SOURCE_EVIDENCE	시술명 table2	EXACT_PAGE	888	False
O012	AST_O012_N001	AND	STRUCTURAL_SOURCE_FRAGMENT	STRUCTURAL_AST_FRAGMENT	(주진단명 table1 or 연령〉34세) and 시술명 table2	EXACT_PAGE	912	False
O012	AST_O012_N002	OR	STRUCTURAL_SOURCE_FRAGMENT	STRUCTURAL_AST_FRAGMENT	주진단명 table1 or 연령〉34세	EXACT_PAGE	912	False
O013	AST_O013_N002	TABLE_REF	REFERENCE_RAW_ATOM	RAW_SOURCE_EVIDENCE	시술명 table2	EXACT_PAGE	888	False
O013	AST_O013_N003	TABLE_REF	REFERENCE_RAW_ATOM	RAW_SOURCE_EVIDENCE	시술명 table3	EXACT_PAGE	912	False
O013	AST_O013_N001	AND	STRUCTURAL_SOURCE_FRAGMENT	STRUCTURAL_AST_FRAGMENT	시술명 table2 and 시술명 table3	EXACT_PAGE	912	False
O022	AST_O022_N002	TABLE_REF	REFERENCE_RAW_ATOM	RAW_SOURCE_EVIDENCE	시술명 table2	EXACT_PAGE	888	False
O022	AST_O022_N003	TABLE_REF	REFERENCE_RAW_ATOM	RAW_SOURCE_EVIDENCE	시술명 table3	EXACT_PAGE	912	False
O022	AST_O022_N001	AND	STRUCTURAL_SOURCE_FRAGMENT	STRUCTURAL_AST_FRAGMENT	시술명 table2 and 시술명 table3	EXACT_PAGE	912	False
O023	AST_O023_N002	TABLE_REF	REFERENCE_RAW_ATOM	RAW_SOURCE_EVIDENCE	시술명 table2	EXACT_PAGE	888	False
O023	AST_O023_N004	TEXT_CONDITION	LEAF_SOURCE_FRAGMENT	RAW_SOURCE_EVIDENCE	연령 ≤34세	EXACT_PAGE	912	False
O023	AST_O023_N005	TABLE_REF	REFERENCE_RAW_ATOM	RAW_SOURCE_EVIDENCE	주진단명 table1	EXACT_PAGE	888	False
O023	AST_O023_N001	AND	STRUCTURAL_SOURCE_FRAGMENT	STRUCTURAL_AST_FRAGMENT	시술명 table2 and 연령 ≤34세 without 주진단명 table1	EXACT_PAGE	912	False
O023	AST_O023_N003	EXCLUSION	STRUCTURAL_SOURCE_FRAGMENT	STRUCTURAL_AST_FRAGMENT	연령 ≤34세 without 주진단명 table1	EXACT_PAGE	912	False
O024	AST_O024_N003	TABLE_REF	REFERENCE_RAW_ATOM	RAW_SOURCE_EVIDENCE	주진단명 table1	EXACT_PAGE	888	False
O024	AST_O024_N004	TEXT_CONDITION	LEAF_SOURCE_FRAGMENT	RAW_SOURCE_EVIDENCE	연령>34세	EXACT_PAGE	914	False
O024	AST_O024_N005	TABLE_REF	REFERENCE_RAW_ATOM	RAW_SOURCE_EVIDENCE	시술명 table2	EXACT_PAGE	888	False
O024	AST_O024_N001	AND	STRUCTURAL_SOURCE_FRAGMENT	STRUCTURAL_AST_FRAGMENT	(주진단명 table1 or 연령>34세) and 시술명 table2	EXACT_PAGE	914	False
O024	AST_O024_N002	OR	STRUCTURAL_SOURCE_FRAGMENT	STRUCTURAL_AST_FRAGMENT	주진단명 table1 or 연령>34세	EXACT_PAGE	914	False
O041	AST_O041_N002	TABLE_REF	REFERENCE_RAW_ATOM	RAW_SOURCE_EVIDENCE	시술명 table2	EXACT_PAGE	888	False
O041	AST_O041_N004	TEXT_CONDITION	LEAF_SOURCE_FRAGMENT	RAW_SOURCE_EVIDENCE	연령 ≤34세	EXACT_PAGE	913	False
O041	AST_O041_N005	TABLE_REF	REFERENCE_RAW_ATOM	RAW_SOURCE_EVIDENCE	주진단명 table1	EXACT_PAGE	888	False
O041	AST_O041_N001	AND	STRUCTURAL_SOURCE_FRAGMENT	STRUCTURAL_AST_FRAGMENT	시술명 table2 and 연령 ≤34세 without 주진단명 table1	EXACT_PAGE	913	False
O041	AST_O041_N003	EXCLUSION	STRUCTURAL_SOURCE_FRAGMENT	STRUCTURAL_AST_FRAGMENT	연령 ≤34세 without 주진단명 table1	EXACT_PAGE	913	False
O042	AST_O042_N003	TABLE_REF	REFERENCE_RAW_ATOM	RAW_SOURCE_EVIDENCE	주진단명 table1	EXACT_PAGE	888	False
O042	AST_O042_N004	TEXT_CONDITION	LEAF_SOURCE_FRAGMENT	RAW_SOURCE_EVIDENCE	연령〉34세	EXACT_PAGE	915	False
O042	AST_O042_N005	TABLE_REF	REFERENCE_RAW_ATOM	RAW_SOURCE_EVIDENCE	시술명 table2	EXACT_PAGE	888	False
O042	AST_O042_N001	AND	STRUCTURAL_SOURCE_FRAGMENT	STRUCTURAL_AST_FRAGMENT	(주진단명 table1 or 연령〉34세) and 시술명 table2	EXACT_PAGE	915	False
O042	AST_O042_N002	OR	STRUCTURAL_SOURCE_FRAGMENT	STRUCTURAL_AST_FRAGMENT	주진단명 table1 or 연령〉34세	EXACT_PAGE	915	False
O051	AST_O051_N002	TABLE_REF	REFERENCE_RAW_ATOM	RAW_SOURCE_EVIDENCE	시술명 table2	EXACT_PAGE	889	False
O051	AST_O051_N004	TEXT_CONDITION	LEAF_SOURCE_FRAGMENT	RAW_SOURCE_EVIDENCE	연령 ≤34세	EXACT_PAGE	915	False
O051	AST_O051_N005	TABLE_REF	REFERENCE_RAW_ATOM	RAW_SOURCE_EVIDENCE	주진단명 table1	EXACT_PAGE	889	False
O051	AST_O051_N001	AND	STRUCTURAL_SOURCE_FRAGMENT	STRUCTURAL_AST_FRAGMENT	시술명 table2 and 연령 ≤34세 without 주진단명 table1	EXACT_PAGE	915	False
O051	AST_O051_N003	EXCLUSION	STRUCTURAL_SOURCE_FRAGMENT	STRUCTURAL_AST_FRAGMENT	연령 ≤34세 without 주진단명 table1	EXACT_PAGE	915	False
O052	AST_O052_N003	TABLE_REF	REFERENCE_RAW_ATOM	RAW_SOURCE_EVIDENCE	주진단명 table1	EXACT_PAGE	889	False
O052	AST_O052_N004	TEXT_CONDITION	LEAF_SOURCE_FRAGMENT	RAW_SOURCE_EVIDENCE	연령〉34세	EXACT_PAGE	915	False
O052	AST_O052_N005	TABLE_REF	REFERENCE_RAW_ATOM	RAW_SOURCE_EVIDENCE	시술명 table2	EXACT_PAGE	889	False
O052	AST_O052_N001	AND	STRUCTURAL_SOURCE_FRAGMENT	STRUCTURAL_AST_FRAGMENT	(주진단명 table1 or 연령〉34세) and 시술명 table2	EXACT_PAGE	915	False
O052	AST_O052_N002	OR	STRUCTURAL_SOURCE_FRAGMENT	STRUCTURAL_AST_FRAGMENT	주진단명 table1 or 연령〉34세	EXACT_PAGE	915	False
O061	AST_O061_N002	TABLE_REF	REFERENCE_RAW_ATOM	RAW_SOURCE_EVIDENCE	시술명 table2	EXACT_PAGE	890	False
O061	AST_O061_N004	TEXT_CONDITION	LEAF_SOURCE_FRAGMENT	RAW_SOURCE_EVIDENCE	연령 ≤34세	EXACT_PAGE	917	False
O061	AST_O061_N005	TABLE_REF	REFERENCE_RAW_ATOM	RAW_SOURCE_EVIDENCE	주진단명 table1	EXACT_PAGE	890	False
O061	AST_O061_N001	AND	STRUCTURAL_SOURCE_FRAGMENT	STRUCTURAL_AST_FRAGMENT	시술명 table2 and 연령 ≤34세 without 주진단명 table1	EXACT_PAGE	917	False
O061	AST_O061_N003	EXCLUSION	STRUCTURAL_SOURCE_FRAGMENT	STRUCTURAL_AST_FRAGMENT	연령 ≤34세 without 주진단명 table1	EXACT_PAGE	917	False
O062	AST_O062_N003	TABLE_REF	REFERENCE_RAW_ATOM	RAW_SOURCE_EVIDENCE	주진단명 table1	EXACT_PAGE	917	False
O062	AST_O062_N004	TEXT_CONDITION	LEAF_SOURCE_FRAGMENT	RAW_SOURCE_EVIDENCE	연령>34세	EXACT_PAGE	919	False
O062	AST_O062_N005	TABLE_REF	REFERENCE_RAW_ATOM	RAW_SOURCE_EVIDENCE	시술명 table2	EXACT_PAGE	917	False
O062	AST_O062_N001	AND	STRUCTURAL_SOURCE_FRAGMENT	STRUCTURAL_AST_FRAGMENT	(주진단명 table1 or 연령>34세) and 시술명 table2	EXACT_PAGE	919	False
O062	AST_O062_N002	OR	STRUCTURAL_SOURCE_FRAGMENT	STRUCTURAL_AST_FRAGMENT	주진단명 table1 or 연령>34세	EXACT_PAGE	919	False
O073	AST_O073_N002	TABLE_REF	REFERENCE_RAW_ATOM	RAW_SOURCE_EVIDENCE	시술명 table1	EXACT_PAGE	920	False
O073	AST_O073_N003	TABLE_REF	REFERENCE_RAW_ATOM	RAW_SOURCE_EVIDENCE	시술명 table2	EXACT_PAGE	918	False
O073	AST_O073_N001	AND	STRUCTURAL_SOURCE_FRAGMENT	STRUCTURAL_AST_FRAGMENT	시술명 table1 and 시술명 table2	EXACT_PAGE	920	False
O081	AST_O081_N002	TABLE_REF	REFERENCE_RAW_ATOM	RAW_SOURCE_EVIDENCE	시술명 table1	EXACT_PAGE	920	False
O081	AST_O081_N003	TABLE_REF	REFERENCE_RAW_ATOM	RAW_SOURCE_EVIDENCE	부가코드	EXACT_PAGE	922	False
O081	AST_O081_N001	AND	STRUCTURAL_SOURCE_FRAGMENT	STRUCTURAL_AST_FRAGMENT	시술명 table1 and 부가코드	EXACT_PAGE	922	False
O091	AST_O091_N002	TABLE_REF	REFERENCE_RAW_ATOM	RAW_SOURCE_EVIDENCE	시술명 table1	EXACT_PAGE	920	False
O091	AST_O091_N003	TABLE_REF	REFERENCE_RAW_ATOM	RAW_SOURCE_EVIDENCE	부가코드	EXACT_PAGE	922	False
O091	AST_O091_N001	AND	STRUCTURAL_SOURCE_FRAGMENT	STRUCTURAL_AST_FRAGMENT	시술명 table1 and 부가코드	EXACT_PAGE	922	False
O110	AST_O110_N003	TABLE_REF	REFERENCE_RAW_ATOM	RAW_SOURCE_EVIDENCE	주진단명 table1	EXACT_PAGE	923	False
O110	AST_O110_N005	TABLE_REF	REFERENCE_RAW_ATOM	RAW_SOURCE_EVIDENCE	주진단명 table2	EXACT_PAGE	923	False
O110	AST_O110_N006	TABLE_REF	REFERENCE_RAW_ATOM	RAW_SOURCE_EVIDENCE	기타진단명 table3	EXACT_PAGE	923	False
O110	AST_O110_N007	TEXT_CONDITION	REFERENCE_RAW_ATOM	RAW_SOURCE_EVIDENCE	OR procedure	EXACT_PAGE	922	False
O110	AST_O110_N001	AND	STRUCTURAL_SOURCE_FRAGMENT	STRUCTURAL_AST_FRAGMENT	(주진단명 table1 or (주진단명 table2 and 기타진단명 table3)) and OR procedure	NOT_FOUND		False
O110	AST_O110_N002	OR	STRUCTURAL_SOURCE_FRAGMENT	STRUCTURAL_AST_FRAGMENT	주진단명 table1 or (주진단명 table2 and 기타진단명 table3)	EXACT_PAGE	923	False
O110	AST_O110_N004	AND	STRUCTURAL_SOURCE_FRAGMENT	STRUCTURAL_AST_FRAGMENT	주진단명 table2 and 기타진단명 table3	EXACT_PAGE	923	False
O130	AST_O130_N003	TABLE_REF	REFERENCE_RAW_ATOM	RAW_SOURCE_EVIDENCE	시술명 table1	EXACT_PAGE	927	False
O130	AST_O130_N004	TABLE_REF	REFERENCE_RAW_ATOM	RAW_SOURCE_EVIDENCE	시술명 table2	EXACT_PAGE	927	False
O130	AST_O130_N005	TABLE_REF	REFERENCE_RAW_ATOM	RAW_SOURCE_EVIDENCE	시술명 table2	EXACT_PAGE	927	False
O130	AST_O130_N006	TABLE_REF	REFERENCE_RAW_ATOM	RAW_SOURCE_EVIDENCE	시술명 table3	EXACT_PAGE	927	False
O130	AST_O130_N001	OR	STRUCTURAL_SOURCE_FRAGMENT	STRUCTURAL_AST_FRAGMENT	(시술명 table1 and 시술명 table2) or 시술명 table2 or 시술명 table3	EXACT_PAGE	927	False
O130	AST_O130_N002	AND	STRUCTURAL_SOURCE_FRAGMENT	STRUCTURAL_AST_FRAGMENT	시술명 table1 and 시술명 table2	EXACT_PAGE	927	False
O141	AST_O141_N002	TABLE_REF	REFERENCE_RAW_ATOM	RAW_SOURCE_EVIDENCE	시술명 table1	EXACT_PAGE	927	False
O141	AST_O141_N003	TABLE_REF	REFERENCE_RAW_ATOM	RAW_SOURCE_EVIDENCE	시술명 table2	EXACT_PAGE	927	False
O141	AST_O141_N001	AND	STRUCTURAL_SOURCE_FRAGMENT	STRUCTURAL_AST_FRAGMENT	시술명 table1 and 시술명 table2	EXACT_PAGE	927	False
O641	AST_O641_N002	TABLE_REF	REFERENCE_RAW_ATOM	RAW_SOURCE_EVIDENCE	주진단명 table1	EXACT_PAGE	933	False
O641	AST_O641_N003	TABLE_REF	REFERENCE_RAW_ATOM	RAW_SOURCE_EVIDENCE	기타진단명 table2	EXACT_PAGE	933	False
O641	AST_O641_N001	AND	STRUCTURAL_SOURCE_FRAGMENT	STRUCTURAL_AST_FRAGMENT	주진단명 table1 and 기타진단명 table2	EXACT_PAGE	933	False
P010	AST_P010_N002	TEXT_CONDITION	LEAF_SOURCE_FRAGMENT	RAW_SOURCE_EVIDENCE	재원기간 < 5일	EXACT_PAGE	951	False
P010	AST_P010_N003	TEXT_CONDITION	LEAF_SOURCE_FRAGMENT	RAW_SOURCE_EVIDENCE	퇴원경로 = 사망 혹은 전원	EXACT_PAGE	951	False
P010	AST_P010_N006	TEXT_CONDITION	REFERENCE_RAW_ATOM	RAW_SOURCE_EVIDENCE	OR procedure	EXACT_PAGE	923	False
P010	AST_P010_N007	TABLE_REF	REFERENCE_RAW_ATOM	RAW_SOURCE_EVIDENCE	시술명 table1	EXACT_PAGE	923	False
P010	AST_P010_N008	TEXT_CONDITION	LEAF_SOURCE_FRAGMENT	RAW_SOURCE_EVIDENCE	인공호흡 ≥96 hours	EXACT_PAGE	951	False
P010	AST_P010_N001	AND	STRUCTURAL_SOURCE_FRAGMENT	STRUCTURAL_AST_FRAGMENT	재원기간 < 5일 and (퇴원경로 = 사망 혹은 전원) and (시술명 table1을 제외한 OR procedure or 인공호흡 ≥96 hours)	EXACT_PAGE	951	False
P010	AST_P010_N004	OR	STRUCTURAL_SOURCE_FRAGMENT	STRUCTURAL_AST_FRAGMENT	시술명 table1을 제외한 OR procedure or 인공호흡 ≥96 hours	EXACT_PAGE	951	False
P010	AST_P010_N005	EXCLUSION	STRUCTURAL_SOURCE_FRAGMENT	STRUCTURAL_AST_FRAGMENT	시술명 table1을 제외한 OR procedure	EXACT_PAGE	951	False
P030	AST_P030_N002	TEXT_CONDITION	LEAF_SOURCE_FRAGMENT	RAW_SOURCE_EVIDENCE	입원시 체중 <750g	EXACT_PAGE	955	False
P030	AST_P030_N005	TEXT_CONDITION	REFERENCE_RAW_ATOM	RAW_SOURCE_EVIDENCE	OR procedure	EXACT_PAGE	930	False
P030	AST_P030_N006	TABLE_REF	REFERENCE_RAW_ATOM	RAW_SOURCE_EVIDENCE	시술명 table1	EXACT_PAGE	927	False
P030	AST_P030_N007	TEXT_CONDITION	LEAF_SOURCE_FRAGMENT	RAW_SOURCE_EVIDENCE	인공호흡 ≥96 hours	EXACT_PAGE	955	False
P030	AST_P030_N001	AND	STRUCTURAL_SOURCE_FRAGMENT	STRUCTURAL_AST_FRAGMENT	입원시 체중 <750g and (시술명 table1을 제외한 OR procedure or 인공호흡 ≥96 hours)	EXACT_PAGE	955	False
P030	AST_P030_N003	OR	STRUCTURAL_SOURCE_FRAGMENT	STRUCTURAL_AST_FRAGMENT	시술명 table1을 제외한 OR procedure or 인공호흡 ≥96 hours	EXACT_PAGE	955	False
P030	AST_P030_N004	EXCLUSION	STRUCTURAL_SOURCE_FRAGMENT	STRUCTURAL_AST_FRAGMENT	시술명 table1을 제외한 OR procedure	EXACT_PAGE	955	False
P040	AST_P040_N002	TEXT_CONDITION	LEAF_SOURCE_FRAGMENT	RAW_SOURCE_EVIDENCE	입원시 체중 750-999g	EXACT_PAGE	955	False
P040	AST_P040_N005	TEXT_CONDITION	REFERENCE_RAW_ATOM	RAW_SOURCE_EVIDENCE	OR procedure	EXACT_PAGE	930	False
P040	AST_P040_N006	TABLE_REF	REFERENCE_RAW_ATOM	RAW_SOURCE_EVIDENCE	시술명 table1	EXACT_PAGE	927	False
P040	AST_P040_N007	TEXT_CONDITION	LEAF_SOURCE_FRAGMENT	RAW_SOURCE_EVIDENCE	인공호흡 ≥96 hours	EXACT_PAGE	955	False
P040	AST_P040_N001	AND	STRUCTURAL_SOURCE_FRAGMENT	STRUCTURAL_AST_FRAGMENT	입원시 체중 750-999g and (시술명 table1을 제외한 OR procedure or 인공호흡 ≥96 hours)	EXACT_PAGE	955	False
P040	AST_P040_N003	OR	STRUCTURAL_SOURCE_FRAGMENT	STRUCTURAL_AST_FRAGMENT	시술명 table1을 제외한 OR procedure or 인공호흡 ≥96 hours	EXACT_PAGE	955	False
P040	AST_P040_N004	EXCLUSION	STRUCTURAL_SOURCE_FRAGMENT	STRUCTURAL_AST_FRAGMENT	시술명 table1을 제외한 OR procedure	EXACT_PAGE	955	False
P050	AST_P050_N002	TEXT_CONDITION	LEAF_SOURCE_FRAGMENT	RAW_SOURCE_EVIDENCE	입원시 체중 1000-1249g	EXACT_PAGE	955	False
P050	AST_P050_N005	TEXT_CONDITION	REFERENCE_RAW_ATOM	RAW_SOURCE_EVIDENCE	OR procedure	EXACT_PAGE	930	False
P050	AST_P050_N006	TABLE_REF	REFERENCE_RAW_ATOM	RAW_SOURCE_EVIDENCE	시술명 table1	EXACT_PAGE	927	False
P050	AST_P050_N007	TEXT_CONDITION	LEAF_SOURCE_FRAGMENT	RAW_SOURCE_EVIDENCE	인공호흡 ≥96 hours	EXACT_PAGE	955	False
P050	AST_P050_N001	AND	STRUCTURAL_SOURCE_FRAGMENT	STRUCTURAL_AST_FRAGMENT	입원시 체중 1000-1249g and (시술명 table1을 제외한 OR procedure or 인공호흡 ≥96 hours)	EXACT_PAGE	955	False
P050	AST_P050_N003	OR	STRUCTURAL_SOURCE_FRAGMENT	STRUCTURAL_AST_FRAGMENT	시술명 table1을 제외한 OR procedure or 인공호흡 ≥96 hours	EXACT_PAGE	955	False
P050	AST_P050_N004	EXCLUSION	STRUCTURAL_SOURCE_FRAGMENT	STRUCTURAL_AST_FRAGMENT	시술명 table1을 제외한 OR procedure	EXACT_PAGE	955	False
P060	AST_P060_N002	TEXT_CONDITION	LEAF_SOURCE_FRAGMENT	RAW_SOURCE_EVIDENCE	입원시 체중 1250-1499g	EXACT_PAGE	956	False
P060	AST_P060_N005	TEXT_CONDITION	REFERENCE_RAW_ATOM	RAW_SOURCE_EVIDENCE	OR procedure	EXACT_PAGE	930	False
P060	AST_P060_N006	TABLE_REF	REFERENCE_RAW_ATOM	RAW_SOURCE_EVIDENCE	시술명 table1	EXACT_PAGE	929	False
P060	AST_P060_N007	TEXT_CONDITION	LEAF_SOURCE_FRAGMENT	RAW_SOURCE_EVIDENCE	인공호흡 ≥96 hours	EXACT_PAGE	955	False
P060	AST_P060_N001	AND	STRUCTURAL_SOURCE_FRAGMENT	STRUCTURAL_AST_FRAGMENT	입원시 체중 1250-1499g and (시술명 table1을 제외한 OR procedure or 인공호흡 ≥96 hours)	EXACT_PAGE	956	False
P060	AST_P060_N003	OR	STRUCTURAL_SOURCE_FRAGMENT	STRUCTURAL_AST_FRAGMENT	시술명 table1을 제외한 OR procedure or 인공호흡 ≥96 hours	EXACT_PAGE	955	False
P060	AST_P060_N004	EXCLUSION	STRUCTURAL_SOURCE_FRAGMENT	STRUCTURAL_AST_FRAGMENT	시술명 table1을 제외한 OR procedure	EXACT_PAGE	955	False
P070	AST_P070_N002	TEXT_CONDITION	LEAF_SOURCE_FRAGMENT	RAW_SOURCE_EVIDENCE	입원시 체중 1500 - 1999g	EXACT_PAGE	956	False
P070	AST_P070_N005	TEXT_CONDITION	REFERENCE_RAW_ATOM	RAW_SOURCE_EVIDENCE	OR procedure	EXACT_PAGE	930	False
P070	AST_P070_N006	TABLE_REF	REFERENCE_RAW_ATOM	RAW_SOURCE_EVIDENCE	시술명 table1	EXACT_PAGE	929	False
P070	AST_P070_N007	TEXT_CONDITION	LEAF_SOURCE_FRAGMENT	RAW_SOURCE_EVIDENCE	인공호흡 ≥96 hours	EXACT_PAGE	955	False
P070	AST_P070_N001	AND	STRUCTURAL_SOURCE_FRAGMENT	STRUCTURAL_AST_FRAGMENT	입원시 체중 1500 - 1999g and (시술명 table1을 제외한 OR procedure or 인공호흡 ≥96 hours)	EXACT_PAGE	956	False
P070	AST_P070_N003	OR	STRUCTURAL_SOURCE_FRAGMENT	STRUCTURAL_AST_FRAGMENT	시술명 table1을 제외한 OR procedure or 인공호흡 ≥96 hours	EXACT_PAGE	955	False
P070	AST_P070_N004	EXCLUSION	STRUCTURAL_SOURCE_FRAGMENT	STRUCTURAL_AST_FRAGMENT	시술명 table1을 제외한 OR procedure	EXACT_PAGE	955	False
P080	AST_P080_N002	TEXT_CONDITION	LEAF_SOURCE_FRAGMENT	RAW_SOURCE_EVIDENCE	입원시 체중 2000 - 2499g	EXACT_PAGE	956	False
P080	AST_P080_N005	TEXT_CONDITION	REFERENCE_RAW_ATOM	RAW_SOURCE_EVIDENCE	OR procedure	EXACT_PAGE	930	False
P080	AST_P080_N006	TABLE_REF	REFERENCE_RAW_ATOM	RAW_SOURCE_EVIDENCE	시술명 table1	EXACT_PAGE	929	False
P080	AST_P080_N007	TEXT_CONDITION	LEAF_SOURCE_FRAGMENT	RAW_SOURCE_EVIDENCE	인공호흡 ≥96 hours	EXACT_PAGE	955	False
P080	AST_P080_N001	AND	STRUCTURAL_SOURCE_FRAGMENT	STRUCTURAL_AST_FRAGMENT	입원시 체중 2000 - 2499g and (시술명 table1을 제외한 OR procedure or 인공호흡 ≥96 hours)	EXACT_PAGE	956	False
P080	AST_P080_N003	OR	STRUCTURAL_SOURCE_FRAGMENT	STRUCTURAL_AST_FRAGMENT	시술명 table1을 제외한 OR procedure or 인공호흡 ≥96 hours	EXACT_PAGE	955	False
P080	AST_P080_N004	EXCLUSION	STRUCTURAL_SOURCE_FRAGMENT	STRUCTURAL_AST_FRAGMENT	시술명 table1을 제외한 OR procedure	EXACT_PAGE	955	False
P090	AST_P090_N002	TEXT_CONDITION	LEAF_SOURCE_FRAGMENT	RAW_SOURCE_EVIDENCE	입원시 체중 > 2499g	EXACT_PAGE	957	False
P090	AST_P090_N005	TEXT_CONDITION	REFERENCE_RAW_ATOM	RAW_SOURCE_EVIDENCE	OR procedure	EXACT_PAGE	930	False
P090	AST_P090_N006	TABLE_REF	REFERENCE_RAW_ATOM	RAW_SOURCE_EVIDENCE	시술명 table1	EXACT_PAGE	929	False
P090	AST_P090_N007	TEXT_CONDITION	LEAF_SOURCE_FRAGMENT	RAW_SOURCE_EVIDENCE	인공호흡 ≥96 hours	EXACT_PAGE	955	False
P090	AST_P090_N001	AND	STRUCTURAL_SOURCE_FRAGMENT	STRUCTURAL_AST_FRAGMENT	입원시 체중 > 2499g and (시술명 table1을 제외한 OR procedure or 인공호흡 ≥96 hours)	EXACT_PAGE	957	False
P090	AST_P090_N003	OR	STRUCTURAL_SOURCE_FRAGMENT	STRUCTURAL_AST_FRAGMENT	시술명 table1을 제외한 OR procedure or 인공호흡 ≥96 hours	EXACT_PAGE	955	False
P090	AST_P090_N004	EXCLUSION	STRUCTURAL_SOURCE_FRAGMENT	STRUCTURAL_AST_FRAGMENT	시술명 table1을 제외한 OR procedure	EXACT_PAGE	955	False
P601	AST_P601_N002	TEXT_CONDITION	LEAF_SOURCE_FRAGMENT	RAW_SOURCE_EVIDENCE	재원기간 < 5일	EXACT_PAGE	957	False
P601	AST_P601_N003	TEXT_CONDITION	LEAF_SOURCE_FRAGMENT	RAW_SOURCE_EVIDENCE	퇴원경로 = 사망 혹은 전원	EXACT_PAGE	957	False
P601	AST_P601_N004	TABLE_REF	REFERENCE_RAW_ATOM	RAW_SOURCE_EVIDENCE	주진단명 또는 기타진단명 table1	EXACT_PAGE	957	False
P601	AST_P601_N008	TEXT_CONDITION	REFERENCE_RAW_ATOM	RAW_SOURCE_EVIDENCE	OR procedure	EXACT_PAGE	930	False
P601	AST_P601_N009	TABLE_REF	REFERENCE_RAW_ATOM	RAW_SOURCE_EVIDENCE	시술명 table2	EXACT_PAGE	929	False
P601	AST_P601_N010	TEXT_CONDITION	LEAF_SOURCE_FRAGMENT	RAW_SOURCE_EVIDENCE	인공호흡 ≥96 hours	EXACT_PAGE	955	False
P601	AST_P601_N001	AND	STRUCTURAL_SOURCE_FRAGMENT	STRUCTURAL_AST_FRAGMENT	재원기간 < 5일 and (퇴원경로 = 사망 혹은 전원) and 주진단명 또는 기타진단명 table1 and not(시술명 table2를 제외한 OR procedure or 인공호흡 ≥96 hours)	EXACT_PAGE	957	False
P601	AST_P601_N005	NOT	STRUCTURAL_SOURCE_FRAGMENT	STRUCTURAL_AST_FRAGMENT	not(시술명 table2를 제외한 OR procedure or 인공호흡 ≥96 hours)	EXACT_PAGE	957	False
P601	AST_P601_N006	OR	STRUCTURAL_SOURCE_FRAGMENT	STRUCTURAL_AST_FRAGMENT	시술명 table2를 제외한 OR procedure or 인공호흡 ≥96 hours	EXACT_PAGE	957	False
P601	AST_P601_N007	EXCLUSION	STRUCTURAL_SOURCE_FRAGMENT	STRUCTURAL_AST_FRAGMENT	시술명 table2를 제외한 OR procedure	EXACT_PAGE	957	False
P602	AST_P602_N002	TEXT_CONDITION	LEAF_SOURCE_FRAGMENT	RAW_SOURCE_EVIDENCE	재원기간 < 5일	EXACT_PAGE	957	False
P602	AST_P602_N003	TEXT_CONDITION	LEAF_SOURCE_FRAGMENT	RAW_SOURCE_EVIDENCE	퇴원경로 = 사망 혹은 전원	EXACT_PAGE	957	False
P602	AST_P602_N007	TEXT_CONDITION	REFERENCE_RAW_ATOM	RAW_SOURCE_EVIDENCE	OR procedure	EXACT_PAGE	930	False
P602	AST_P602_N008	TABLE_REF	REFERENCE_RAW_ATOM	RAW_SOURCE_EVIDENCE	시술명 table2	EXACT_PAGE	929	False
P602	AST_P602_N009	TEXT_CONDITION	LEAF_SOURCE_FRAGMENT	RAW_SOURCE_EVIDENCE	인공호흡 ≥96 hours	EXACT_PAGE	955	False
P602	AST_P602_N001	AND	STRUCTURAL_SOURCE_FRAGMENT	STRUCTURAL_AST_FRAGMENT	재원기간 < 5일 and (퇴원경로 = 사망 혹은 전원) and not(시술명 table2을 제외한 OR procedure or 인공호흡 ≥96 hours )	EXACT_PAGE	957	False
P602	AST_P602_N004	NOT	STRUCTURAL_SOURCE_FRAGMENT	STRUCTURAL_AST_FRAGMENT	not(시술명 table2을 제외한 OR procedure or 인공호흡 ≥96 hours )	EXACT_PAGE	957	False
P602	AST_P602_N005	OR	STRUCTURAL_SOURCE_FRAGMENT	STRUCTURAL_AST_FRAGMENT	시술명 table2을 제외한 OR procedure or 인공호흡 ≥96 hours	EXACT_PAGE	957	False
P602	AST_P602_N006	EXCLUSION	STRUCTURAL_SOURCE_FRAGMENT	STRUCTURAL_AST_FRAGMENT	시술명 table2을 제외한 OR procedure	EXACT_PAGE	957	False
P610	AST_P610_N002	TEXT_CONDITION	LEAF_SOURCE_FRAGMENT	RAW_SOURCE_EVIDENCE	입원시 체중 < 750g	EXACT_PAGE	958	False
P610	AST_P610_N006	TEXT_CONDITION	REFERENCE_RAW_ATOM	RAW_SOURCE_EVIDENCE	OR procedure	EXACT_PAGE	930	False
P610	AST_P610_N007	TABLE_REF	REFERENCE_RAW_ATOM	RAW_SOURCE_EVIDENCE	시술명 table1	EXACT_PAGE	956	False
P610	AST_P610_N008	TEXT_CONDITION	LEAF_SOURCE_FRAGMENT	RAW_SOURCE_EVIDENCE	인공호흡 ≥96 hours	EXACT_PAGE	956	False
P610	AST_P610_N001	AND	STRUCTURAL_SOURCE_FRAGMENT	STRUCTURAL_AST_FRAGMENT	입원시 체중 < 750g and not(시술명 table1을 제외한 OR procedure or 인공호흡 ≥96 hours)	EXACT_PAGE	958	False
P610	AST_P610_N003	NOT	STRUCTURAL_SOURCE_FRAGMENT	STRUCTURAL_AST_FRAGMENT	not(시술명 table1을 제외한 OR procedure or 인공호흡 ≥96 hours)	EXACT_PAGE	958	False
P610	AST_P610_N004	OR	STRUCTURAL_SOURCE_FRAGMENT	STRUCTURAL_AST_FRAGMENT	시술명 table1을 제외한 OR procedure or 인공호흡 ≥96 hours	EXACT_PAGE	956	False
P610	AST_P610_N005	EXCLUSION	STRUCTURAL_SOURCE_FRAGMENT	STRUCTURAL_AST_FRAGMENT	시술명 table1을 제외한 OR procedure	EXACT_PAGE	956	False
P620	AST_P620_N002	TEXT_CONDITION	LEAF_SOURCE_FRAGMENT	RAW_SOURCE_EVIDENCE	입원시 체중 750 - 999g	EXACT_PAGE	958	False
P620	AST_P620_N006	TEXT_CONDITION	REFERENCE_RAW_ATOM	RAW_SOURCE_EVIDENCE	OR procedure	EXACT_PAGE	930	False
P620	AST_P620_N007	TABLE_REF	REFERENCE_RAW_ATOM	RAW_SOURCE_EVIDENCE	시술명 table1	EXACT_PAGE	956	False
P620	AST_P620_N008	TEXT_CONDITION	LEAF_SOURCE_FRAGMENT	RAW_SOURCE_EVIDENCE	인공호흡 ≥96 hours	EXACT_PAGE	956	False
P620	AST_P620_N001	AND	STRUCTURAL_SOURCE_FRAGMENT	STRUCTURAL_AST_FRAGMENT	입원시 체중 750 - 999g and not(시술명 table1을 제외한 OR procedure or 인공호흡 ≥96 hours)	EXACT_PAGE	958	False
P620	AST_P620_N003	NOT	STRUCTURAL_SOURCE_FRAGMENT	STRUCTURAL_AST_FRAGMENT	not(시술명 table1을 제외한 OR procedure or 인공호흡 ≥96 hours)	EXACT_PAGE	958	False
P620	AST_P620_N004	OR	STRUCTURAL_SOURCE_FRAGMENT	STRUCTURAL_AST_FRAGMENT	시술명 table1을 제외한 OR procedure or 인공호흡 ≥96 hours	EXACT_PAGE	956	False
P620	AST_P620_N005	EXCLUSION	STRUCTURAL_SOURCE_FRAGMENT	STRUCTURAL_AST_FRAGMENT	시술명 table1을 제외한 OR procedure	EXACT_PAGE	956	False
P630	AST_P630_N002	TEXT_CONDITION	LEAF_SOURCE_FRAGMENT	RAW_SOURCE_EVIDENCE	입원시 체중 1000 - 1249g	EXACT_PAGE	958	False
P630	AST_P630_N006	TEXT_CONDITION	REFERENCE_RAW_ATOM	RAW_SOURCE_EVIDENCE	OR procedure	EXACT_PAGE	930	False
P630	AST_P630_N007	TABLE_REF	REFERENCE_RAW_ATOM	RAW_SOURCE_EVIDENCE	시술명 table1	EXACT_PAGE	956	False
P630	AST_P630_N008	TEXT_CONDITION	LEAF_SOURCE_FRAGMENT	RAW_SOURCE_EVIDENCE	인공호흡 ≥96 hours	EXACT_PAGE	956	False
P630	AST_P630_N001	AND	STRUCTURAL_SOURCE_FRAGMENT	STRUCTURAL_AST_FRAGMENT	입원시 체중 1000 - 1249g and not(시술명 table1을 제외한 OR procedure or 인공호흡 ≥96 hours)	EXACT_PAGE	958	False
P630	AST_P630_N003	NOT	STRUCTURAL_SOURCE_FRAGMENT	STRUCTURAL_AST_FRAGMENT	not(시술명 table1을 제외한 OR procedure or 인공호흡 ≥96 hours)	EXACT_PAGE	958	False
P630	AST_P630_N004	OR	STRUCTURAL_SOURCE_FRAGMENT	STRUCTURAL_AST_FRAGMENT	시술명 table1을 제외한 OR procedure or 인공호흡 ≥96 hours	EXACT_PAGE	956	False
P630	AST_P630_N005	EXCLUSION	STRUCTURAL_SOURCE_FRAGMENT	STRUCTURAL_AST_FRAGMENT	시술명 table1을 제외한 OR procedure	EXACT_PAGE	956	False
P641	AST_P641_N002	TEXT_CONDITION	LEAF_SOURCE_FRAGMENT	RAW_SOURCE_EVIDENCE	입원시 체중 1250 - 1499g	EXACT_PAGE	959	False
P641	AST_P641_N006	TEXT_CONDITION	REFERENCE_RAW_ATOM	RAW_SOURCE_EVIDENCE	OR procedure	EXACT_PAGE	957	False
P641	AST_P641_N007	TABLE_REF	REFERENCE_RAW_ATOM	RAW_SOURCE_EVIDENCE	시술명 table1	EXACT_PAGE	957	False
P641	AST_P641_N008	TEXT_CONDITION	LEAF_SOURCE_FRAGMENT	RAW_SOURCE_EVIDENCE	인공호흡 ≥96 hours	EXACT_PAGE	957	False
P641	AST_P641_N011	TABLE_REF	REFERENCE_RAW_ATOM	RAW_SOURCE_EVIDENCE	시술명 table2	EXACT_PAGE	957	False
P641	AST_P641_N012	TEXT_CONDITION	LEAF_SOURCE_FRAGMENT	RAW_SOURCE_EVIDENCE	인공호흡 > 24 hours	EXACT_PAGE	959	False
P641	AST_P641_N013	TEXT_CONDITION	LEAF_SOURCE_FRAGMENT	RAW_SOURCE_EVIDENCE	주요 문제	EXACT_PAGE	959	False
P641	AST_P641_N014	TEXT_CONDITION	LEAF_SOURCE_FRAGMENT	RAW_SOURCE_EVIDENCE	다발성 주요 문제	EXACT_PAGE	959	False
P641	AST_P641_N001	AND	STRUCTURAL_SOURCE_FRAGMENT	STRUCTURAL_AST_FRAGMENT	입원시 체중 1250 - 1499g and not(시술명 table1을 제외한 OR procedure or 인공호흡 ≥96 hours) and ( (시술명 table2 or 인공호흡 > 24 hours or 주요 문제) and 다발성 주요 문제 )	NOT_FOUND		False
P641	AST_P641_N003	NOT	STRUCTURAL_SOURCE_FRAGMENT	STRUCTURAL_AST_FRAGMENT	not(시술명 table1을 제외한 OR procedure or 인공호흡 ≥96 hours)	EXACT_PAGE	958	False
P641	AST_P641_N004	OR	STRUCTURAL_SOURCE_FRAGMENT	STRUCTURAL_AST_FRAGMENT	시술명 table1을 제외한 OR procedure or 인공호흡 ≥96 hours	EXACT_PAGE	957	False
P641	AST_P641_N005	EXCLUSION	STRUCTURAL_SOURCE_FRAGMENT	STRUCTURAL_AST_FRAGMENT	시술명 table1을 제외한 OR procedure	EXACT_PAGE	957	False
P641	AST_P641_N009	AND	STRUCTURAL_SOURCE_FRAGMENT	STRUCTURAL_AST_FRAGMENT	(시술명 table2 or 인공호흡 > 24 hours or 주요 문제) and 다발성 주요 문제	EXACT_PAGE	959	False
P641	AST_P641_N010	OR	STRUCTURAL_SOURCE_FRAGMENT	STRUCTURAL_AST_FRAGMENT	시술명 table2 or 인공호흡 > 24 hours or 주요 문제	EXACT_PAGE	959	False
P642	AST_P642_N002	TEXT_CONDITION	LEAF_SOURCE_FRAGMENT	RAW_SOURCE_EVIDENCE	입원시 체중 1250 - 1499g	EXACT_PAGE	959	False
P642	AST_P642_N006	TEXT_CONDITION	REFERENCE_RAW_ATOM	RAW_SOURCE_EVIDENCE	OR procedure	EXACT_PAGE	957	False
P642	AST_P642_N007	TABLE_REF	REFERENCE_RAW_ATOM	RAW_SOURCE_EVIDENCE	시술명 table1	EXACT_PAGE	957	False
P642	AST_P642_N008	TEXT_CONDITION	LEAF_SOURCE_FRAGMENT	RAW_SOURCE_EVIDENCE	인공호흡 ≥96 hours	EXACT_PAGE	957	False
P642	AST_P642_N012	TABLE_REF	REFERENCE_RAW_ATOM	RAW_SOURCE_EVIDENCE	시술명 table2	EXACT_PAGE	957	False
P642	AST_P642_N013	TEXT_CONDITION	LEAF_SOURCE_FRAGMENT	RAW_SOURCE_EVIDENCE	인공호흡 > 24 hours	EXACT_PAGE	959	False
P642	AST_P642_N014	TEXT_CONDITION	LEAF_SOURCE_FRAGMENT	RAW_SOURCE_EVIDENCE	주요 문제	EXACT_PAGE	959	False
P642	AST_P642_N015	TEXT_CONDITION	LEAF_SOURCE_FRAGMENT	RAW_SOURCE_EVIDENCE	다발성 주요 문제	EXACT_PAGE	959	False
P642	AST_P642_N001	AND	STRUCTURAL_SOURCE_FRAGMENT	STRUCTURAL_AST_FRAGMENT	입원시 체중 1250 - 1499g and not(시술명 table1을 제외한 OR procedure or 인공호흡 ≥96 hours) and not( (시술명 table2 or 인공호흡 > 24 hours or 주요 문제) and 다발성 주요 문제 )	NOT_FOUND		False
P642	AST_P642_N003	NOT	STRUCTURAL_SOURCE_FRAGMENT	STRUCTURAL_AST_FRAGMENT	not(시술명 table1을 제외한 OR procedure or 인공호흡 ≥96 hours)	EXACT_PAGE	958	False
P642	AST_P642_N004	OR	STRUCTURAL_SOURCE_FRAGMENT	STRUCTURAL_AST_FRAGMENT	시술명 table1을 제외한 OR procedure or 인공호흡 ≥96 hours	EXACT_PAGE	957	False
P642	AST_P642_N005	EXCLUSION	STRUCTURAL_SOURCE_FRAGMENT	STRUCTURAL_AST_FRAGMENT	시술명 table1을 제외한 OR procedure	EXACT_PAGE	957	False
P642	AST_P642_N009	NOT	STRUCTURAL_SOURCE_FRAGMENT	STRUCTURAL_AST_FRAGMENT	not( (시술명 table2 or 인공호흡 > 24 hours or 주요 문제) and 다발성 주요 문제 )	NOT_FOUND		False
P642	AST_P642_N010	AND	STRUCTURAL_SOURCE_FRAGMENT	STRUCTURAL_AST_FRAGMENT	(시술명 table2 or 인공호흡 > 24 hours or 주요 문제) and 다발성 주요 문제	EXACT_PAGE	959	False
P642	AST_P642_N011	OR	STRUCTURAL_SOURCE_FRAGMENT	STRUCTURAL_AST_FRAGMENT	시술명 table2 or 인공호흡 > 24 hours or 주요 문제	EXACT_PAGE	959	False
P651	AST_P651_N002	TEXT_CONDITION	LEAF_SOURCE_FRAGMENT	RAW_SOURCE_EVIDENCE	입원시 체중 1500 - 1999g	EXACT_PAGE	959	False
P651	AST_P651_N006	TEXT_CONDITION	REFERENCE_RAW_ATOM	RAW_SOURCE_EVIDENCE	OR procedure	EXACT_PAGE	957	False
P651	AST_P651_N007	TABLE_REF	REFERENCE_RAW_ATOM	RAW_SOURCE_EVIDENCE	시술명 table2	EXACT_PAGE	957	False
P651	AST_P651_N008	TEXT_CONDITION	LEAF_SOURCE_FRAGMENT	RAW_SOURCE_EVIDENCE	인공호흡 ≥96 hours	EXACT_PAGE	957	False
P651	AST_P651_N011	TABLE_REF	REFERENCE_RAW_ATOM	RAW_SOURCE_EVIDENCE	시술명 table3	EXACT_PAGE	959	False
P651	AST_P651_N012	TEXT_CONDITION	LEAF_SOURCE_FRAGMENT	RAW_SOURCE_EVIDENCE	인공호흡 > 24 hours	EXACT_PAGE	959	False
P651	AST_P651_N013	TEXT_CONDITION	LEAF_SOURCE_FRAGMENT	RAW_SOURCE_EVIDENCE	주요 문제	EXACT_PAGE	959	False
P651	AST_P651_N014	TEXT_CONDITION	LEAF_SOURCE_FRAGMENT	RAW_SOURCE_EVIDENCE	다발성 주요 문제	EXACT_PAGE	959	False
P651	AST_P651_N001	AND	STRUCTURAL_SOURCE_FRAGMENT	STRUCTURAL_AST_FRAGMENT	입원시 체중 1500 - 1999g and not(시술명 table2을 제외한 OR procedure or 인공호흡 ≥96 hours) and ( (시술명 table3 or 인공호흡 > 24 hours or 주요 문제) and 다발성 주요 문제 )	NOT_FOUND		False
P651	AST_P651_N003	NOT	STRUCTURAL_SOURCE_FRAGMENT	STRUCTURAL_AST_FRAGMENT	not(시술명 table2을 제외한 OR procedure or 인공호흡 ≥96 hours)	EXACT_PAGE	957	False
P651	AST_P651_N004	OR	STRUCTURAL_SOURCE_FRAGMENT	STRUCTURAL_AST_FRAGMENT	시술명 table2을 제외한 OR procedure or 인공호흡 ≥96 hours	EXACT_PAGE	957	False
P651	AST_P651_N005	EXCLUSION	STRUCTURAL_SOURCE_FRAGMENT	STRUCTURAL_AST_FRAGMENT	시술명 table2을 제외한 OR procedure	EXACT_PAGE	957	False
P651	AST_P651_N009	AND	STRUCTURAL_SOURCE_FRAGMENT	STRUCTURAL_AST_FRAGMENT	(시술명 table3 or 인공호흡 > 24 hours or 주요 문제) and 다발성 주요 문제	EXACT_PAGE	959	False
P651	AST_P651_N010	OR	STRUCTURAL_SOURCE_FRAGMENT	STRUCTURAL_AST_FRAGMENT	시술명 table3 or 인공호흡 > 24 hours or 주요 문제	EXACT_PAGE	959	False
P652	AST_P652_N002	TEXT_CONDITION	LEAF_SOURCE_FRAGMENT	RAW_SOURCE_EVIDENCE	입원시 체중 1500 - 1999g	EXACT_PAGE	959	False
P652	AST_P652_N006	TEXT_CONDITION	REFERENCE_RAW_ATOM	RAW_SOURCE_EVIDENCE	OR procedure	EXACT_PAGE	958	False
P652	AST_P652_N007	TABLE_REF	REFERENCE_RAW_ATOM	RAW_SOURCE_EVIDENCE	시술명 table2	EXACT_PAGE	959	False
P652	AST_P652_N008	TEXT_CONDITION	LEAF_SOURCE_FRAGMENT	RAW_SOURCE_EVIDENCE	인공호흡 ≥96 hours	EXACT_PAGE	958	False
P652	AST_P652_N010	TABLE_REF	REFERENCE_RAW_ATOM	RAW_SOURCE_EVIDENCE	시술명 table3	EXACT_PAGE	959	False
P652	AST_P652_N011	TEXT_CONDITION	LEAF_SOURCE_FRAGMENT	RAW_SOURCE_EVIDENCE	인공호흡 > 24 hours	EXACT_PAGE	959	False
P652	AST_P652_N012	TEXT_CONDITION	LEAF_SOURCE_FRAGMENT	RAW_SOURCE_EVIDENCE	주요 문제	EXACT_PAGE	959	False
P652	AST_P652_N001	AND	STRUCTURAL_SOURCE_FRAGMENT	STRUCTURAL_AST_FRAGMENT	입원시 체중 1500 - 1999g and not(시술명 table2을 제외한 OR procedure or 인공호흡 ≥96 hours) and (시술명 table3 or 인공호흡 > 24 hours or 주요 문제)	EXACT_PAGE	960	False
P652	AST_P652_N003	NOT	STRUCTURAL_SOURCE_FRAGMENT	STRUCTURAL_AST_FRAGMENT	not(시술명 table2을 제외한 OR procedure or 인공호흡 ≥96 hours)	EXACT_PAGE	959	False
P652	AST_P652_N004	OR	STRUCTURAL_SOURCE_FRAGMENT	STRUCTURAL_AST_FRAGMENT	시술명 table2을 제외한 OR procedure or 인공호흡 ≥96 hours	EXACT_PAGE	959	False
P652	AST_P652_N005	EXCLUSION	STRUCTURAL_SOURCE_FRAGMENT	STRUCTURAL_AST_FRAGMENT	시술명 table2을 제외한 OR procedure	EXACT_PAGE	959	False
P652	AST_P652_N009	OR	STRUCTURAL_SOURCE_FRAGMENT	STRUCTURAL_AST_FRAGMENT	시술명 table3 or 인공호흡 > 24 hours or 주요 문제	EXACT_PAGE	959	False
P653	AST_P653_N002	TEXT_CONDITION	LEAF_SOURCE_FRAGMENT	RAW_SOURCE_EVIDENCE	입원시 체중 1500 - 1999g	EXACT_PAGE	959	False
P653	AST_P653_N006	TEXT_CONDITION	REFERENCE_RAW_ATOM	RAW_SOURCE_EVIDENCE	OR procedure	EXACT_PAGE	958	False
P653	AST_P653_N007	TABLE_REF	REFERENCE_RAW_ATOM	RAW_SOURCE_EVIDENCE	시술명 table2	EXACT_PAGE	959	False
P653	AST_P653_N008	TEXT_CONDITION	LEAF_SOURCE_FRAGMENT	RAW_SOURCE_EVIDENCE	인공호흡 ≥96 hours	EXACT_PAGE	958	False
P653	AST_P653_N010	TABLE_REF	REFERENCE_RAW_ATOM	RAW_SOURCE_EVIDENCE	시술명 table4	EXACT_PAGE	960	False
P653	AST_P653_N011	TABLE_REF	REFERENCE_RAW_ATOM	RAW_SOURCE_EVIDENCE	주진단명 또는 기타진단명 table1	EXACT_PAGE	960	False
P653	AST_P653_N001	AND	STRUCTURAL_SOURCE_FRAGMENT	STRUCTURAL_AST_FRAGMENT	입원시 체중 1500 - 1999g and not(시술명 table2을 제외한 OR procedure or 인공호흡 ≥96 hours) and (시술명 table4 or 주진단명 또는 기타진단명 table1)	EXACT_PAGE	960	False
P653	AST_P653_N003	NOT	STRUCTURAL_SOURCE_FRAGMENT	STRUCTURAL_AST_FRAGMENT	not(시술명 table2을 제외한 OR procedure or 인공호흡 ≥96 hours)	EXACT_PAGE	959	False
P653	AST_P653_N004	OR	STRUCTURAL_SOURCE_FRAGMENT	STRUCTURAL_AST_FRAGMENT	시술명 table2을 제외한 OR procedure or 인공호흡 ≥96 hours	EXACT_PAGE	959	False
P653	AST_P653_N005	EXCLUSION	STRUCTURAL_SOURCE_FRAGMENT	STRUCTURAL_AST_FRAGMENT	시술명 table2을 제외한 OR procedure	EXACT_PAGE	959	False
P653	AST_P653_N009	OR	STRUCTURAL_SOURCE_FRAGMENT	STRUCTURAL_AST_FRAGMENT	시술명 table4 or 주진단명 또는 기타진단명 table1	EXACT_PAGE	960	False
P654	AST_P654_N002	TEXT_CONDITION	LEAF_SOURCE_FRAGMENT	RAW_SOURCE_EVIDENCE	입원시 체중 1500 - 1999g	EXACT_PAGE	959	False
P654	AST_P654_N006	TEXT_CONDITION	REFERENCE_RAW_ATOM	RAW_SOURCE_EVIDENCE	OR procedure	EXACT_PAGE	958	False
P654	AST_P654_N007	TABLE_REF	REFERENCE_RAW_ATOM	RAW_SOURCE_EVIDENCE	시술명 table2	EXACT_PAGE	937	False
P654	AST_P654_N008	TEXT_CONDITION	LEAF_SOURCE_FRAGMENT	RAW_SOURCE_EVIDENCE	인공호흡 ≥96 hours	EXACT_PAGE	958	False
P654	AST_P654_N011	TABLE_REF	REFERENCE_RAW_ATOM	RAW_SOURCE_EVIDENCE	시술명 table3	EXACT_PAGE	959	False
P654	AST_P654_N012	TABLE_REF	REFERENCE_RAW_ATOM	RAW_SOURCE_EVIDENCE	시술명 table4	EXACT_PAGE	960	False
P654	AST_P654_N013	TEXT_CONDITION	LEAF_SOURCE_FRAGMENT	RAW_SOURCE_EVIDENCE	인공호흡 > 24 hours	EXACT_PAGE	959	False
P654	AST_P654_N014	TEXT_CONDITION	LEAF_SOURCE_FRAGMENT	RAW_SOURCE_EVIDENCE	주요 문제	EXACT_PAGE	959	False
P654	AST_P654_N015	TEXT_CONDITION	LEAF_SOURCE_FRAGMENT	RAW_SOURCE_EVIDENCE	다발성 주요 문제	EXACT_PAGE	959	False
P654	AST_P654_N016	TABLE_REF	REFERENCE_RAW_ATOM	RAW_SOURCE_EVIDENCE	주진단명 또는 기타진단명 table1	EXACT_PAGE	960	False
P654	AST_P654_N001	AND	STRUCTURAL_SOURCE_FRAGMENT	STRUCTURAL_AST_FRAGMENT	입원시 체중 1500 - 1999g and not(시술명 table2을 제외한 OR procedure or 인공호흡 ≥96 hours) and not(시술명 table3 or 시술명 table4 or 인공호흡 > 24 hours or 주요 문제 or 다발성 주요 문제 or 주진단명 또는 기타진단명 table1)	EXACT_PAGE	960	False
P654	AST_P654_N003	NOT	STRUCTURAL_SOURCE_FRAGMENT	STRUCTURAL_AST_FRAGMENT	not(시술명 table2을 제외한 OR procedure or 인공호흡 ≥96 hours)	EXACT_PAGE	959	False
P654	AST_P654_N004	OR	STRUCTURAL_SOURCE_FRAGMENT	STRUCTURAL_AST_FRAGMENT	시술명 table2을 제외한 OR procedure or 인공호흡 ≥96 hours	EXACT_PAGE	959	False
P654	AST_P654_N005	EXCLUSION	STRUCTURAL_SOURCE_FRAGMENT	STRUCTURAL_AST_FRAGMENT	시술명 table2을 제외한 OR procedure	EXACT_PAGE	959	False
P654	AST_P654_N009	NOT	STRUCTURAL_SOURCE_FRAGMENT	STRUCTURAL_AST_FRAGMENT	not(시술명 table3 or 시술명 table4 or 인공호흡 > 24 hours or 주요 문제 or 다발성 주요 문제 or 주진단명 또는 기타진단명 table1)	EXACT_PAGE	960	False
P654	AST_P654_N010	OR	STRUCTURAL_SOURCE_FRAGMENT	STRUCTURAL_AST_FRAGMENT	시술명 table3 or 시술명 table4 or 인공호흡 > 24 hours or 주요 문제 or 다발성 주요 문제 or 주진단명 또는 기타진단명 table1	EXACT_PAGE	960	False
P661	AST_P661_N002	TEXT_CONDITION	LEAF_SOURCE_FRAGMENT	RAW_SOURCE_EVIDENCE	입원시 체중 2000 - 2499g	EXACT_PAGE	963	False
P661	AST_P661_N006	TEXT_CONDITION	REFERENCE_RAW_ATOM	RAW_SOURCE_EVIDENCE	OR procedure	EXACT_PAGE	963	False
P661	AST_P661_N007	TABLE_REF	REFERENCE_RAW_ATOM	RAW_SOURCE_EVIDENCE	시술명 table2	EXACT_PAGE	937	False
P661	AST_P661_N008	TEXT_CONDITION	LEAF_SOURCE_FRAGMENT	RAW_SOURCE_EVIDENCE	인공호흡 ≥96 hours	EXACT_PAGE	963	False
P661	AST_P661_N011	TABLE_REF	REFERENCE_RAW_ATOM	RAW_SOURCE_EVIDENCE	시술명 table3	EXACT_PAGE	962	False
P661	AST_P661_N012	TEXT_CONDITION	LEAF_SOURCE_FRAGMENT	RAW_SOURCE_EVIDENCE	인공호흡 > 24 hours	EXACT_PAGE	963	False
P661	AST_P661_N013	TEXT_CONDITION	LEAF_SOURCE_FRAGMENT	RAW_SOURCE_EVIDENCE	주요 문제	EXACT_PAGE	963	False
P661	AST_P661_N014	TEXT_CONDITION	LEAF_SOURCE_FRAGMENT	RAW_SOURCE_EVIDENCE	다발성 주요 문제	EXACT_PAGE	963	False
P661	AST_P661_N001	AND	STRUCTURAL_SOURCE_FRAGMENT	STRUCTURAL_AST_FRAGMENT	입원시 체중 2000 - 2499g and not(시술명 table2을 제외한 OR procedure or 인공호흡 ≥96 hours) and ( (시술명 table3 or 인공호흡 > 24 hours or 주요 문제) and 다발성 주요 문제 )	NOT_FOUND		False
P661	AST_P661_N003	NOT	STRUCTURAL_SOURCE_FRAGMENT	STRUCTURAL_AST_FRAGMENT	not(시술명 table2을 제외한 OR procedure or 인공호흡 ≥96 hours)	EXACT_PAGE	963	False
P661	AST_P661_N004	OR	STRUCTURAL_SOURCE_FRAGMENT	STRUCTURAL_AST_FRAGMENT	시술명 table2을 제외한 OR procedure or 인공호흡 ≥96 hours	EXACT_PAGE	963	False
P661	AST_P661_N005	EXCLUSION	STRUCTURAL_SOURCE_FRAGMENT	STRUCTURAL_AST_FRAGMENT	시술명 table2을 제외한 OR procedure	EXACT_PAGE	963	False
P661	AST_P661_N009	AND	STRUCTURAL_SOURCE_FRAGMENT	STRUCTURAL_AST_FRAGMENT	(시술명 table3 or 인공호흡 > 24 hours or 주요 문제) and 다발성 주요 문제	EXACT_PAGE	963	False
P661	AST_P661_N010	OR	STRUCTURAL_SOURCE_FRAGMENT	STRUCTURAL_AST_FRAGMENT	시술명 table3 or 인공호흡 > 24 hours or 주요 문제	EXACT_PAGE	963	False
P662	AST_P662_N002	TEXT_CONDITION	LEAF_SOURCE_FRAGMENT	RAW_SOURCE_EVIDENCE	입원시 체중 2000 - 2499g	EXACT_PAGE	963	False
P662	AST_P662_N006	TEXT_CONDITION	REFERENCE_RAW_ATOM	RAW_SOURCE_EVIDENCE	OR procedure	EXACT_PAGE	963	False
P662	AST_P662_N007	TABLE_REF	REFERENCE_RAW_ATOM	RAW_SOURCE_EVIDENCE	시술명 table2	EXACT_PAGE	937	False
P662	AST_P662_N008	TEXT_CONDITION	LEAF_SOURCE_FRAGMENT	RAW_SOURCE_EVIDENCE	인공호흡 ≥96 hours	EXACT_PAGE	963	False
P662	AST_P662_N010	TABLE_REF	REFERENCE_RAW_ATOM	RAW_SOURCE_EVIDENCE	시술명 table3	EXACT_PAGE	962	False
P662	AST_P662_N011	TEXT_CONDITION	LEAF_SOURCE_FRAGMENT	RAW_SOURCE_EVIDENCE	인공호흡 > 24 hours	EXACT_PAGE	963	False
P662	AST_P662_N012	TEXT_CONDITION	LEAF_SOURCE_FRAGMENT	RAW_SOURCE_EVIDENCE	주요 문제	EXACT_PAGE	963	False
P662	AST_P662_N001	AND	STRUCTURAL_SOURCE_FRAGMENT	STRUCTURAL_AST_FRAGMENT	입원시 체중 2000 - 2499g and not(시술명 table2을 제외한 OR procedure or 인공호흡 ≥96 hours) and (시술명 table3 or 인공호흡 > 24 hours or 주요 문제)	EXACT_PAGE	963	False
P662	AST_P662_N003	NOT	STRUCTURAL_SOURCE_FRAGMENT	STRUCTURAL_AST_FRAGMENT	not(시술명 table2을 제외한 OR procedure or 인공호흡 ≥96 hours)	EXACT_PAGE	963	False
P662	AST_P662_N004	OR	STRUCTURAL_SOURCE_FRAGMENT	STRUCTURAL_AST_FRAGMENT	시술명 table2을 제외한 OR procedure or 인공호흡 ≥96 hours	EXACT_PAGE	963	False
P662	AST_P662_N005	EXCLUSION	STRUCTURAL_SOURCE_FRAGMENT	STRUCTURAL_AST_FRAGMENT	시술명 table2을 제외한 OR procedure	EXACT_PAGE	963	False
P662	AST_P662_N009	OR	STRUCTURAL_SOURCE_FRAGMENT	STRUCTURAL_AST_FRAGMENT	시술명 table3 or 인공호흡 > 24 hours or 주요 문제	EXACT_PAGE	963	False
P663	AST_P663_N002	TEXT_CONDITION	LEAF_SOURCE_FRAGMENT	RAW_SOURCE_EVIDENCE	입원시 체중 2000 - 2499g	EXACT_PAGE	963	False
P663	AST_P663_N006	TEXT_CONDITION	REFERENCE_RAW_ATOM	RAW_SOURCE_EVIDENCE	OR procedure	EXACT_PAGE	963	False
P663	AST_P663_N007	TABLE_REF	REFERENCE_RAW_ATOM	RAW_SOURCE_EVIDENCE	시술명 table2	EXACT_PAGE	937	False
P663	AST_P663_N008	TEXT_CONDITION	LEAF_SOURCE_FRAGMENT	RAW_SOURCE_EVIDENCE	인공호흡 ≥96 hours	EXACT_PAGE	963	False
P663	AST_P663_N010	TABLE_REF	REFERENCE_RAW_ATOM	RAW_SOURCE_EVIDENCE	시술명 table4	EXACT_PAGE	962	False
P663	AST_P663_N011	TABLE_REF	REFERENCE_RAW_ATOM	RAW_SOURCE_EVIDENCE	주진단명 또는 기타진단명 table1	EXACT_PAGE	963	False
P663	AST_P663_N001	AND	STRUCTURAL_SOURCE_FRAGMENT	STRUCTURAL_AST_FRAGMENT	입원시 체중 2000 - 2499g and not(시술명 table2을 제외한 OR procedure or 인공호흡 ≥96 hours) and (시술명 table4 or 주진단명 또는 기타진단명 table1)	EXACT_PAGE	963	False
P663	AST_P663_N003	NOT	STRUCTURAL_SOURCE_FRAGMENT	STRUCTURAL_AST_FRAGMENT	not(시술명 table2을 제외한 OR procedure or 인공호흡 ≥96 hours)	EXACT_PAGE	963	False
P663	AST_P663_N004	OR	STRUCTURAL_SOURCE_FRAGMENT	STRUCTURAL_AST_FRAGMENT	시술명 table2을 제외한 OR procedure or 인공호흡 ≥96 hours	EXACT_PAGE	963	False
P663	AST_P663_N005	EXCLUSION	STRUCTURAL_SOURCE_FRAGMENT	STRUCTURAL_AST_FRAGMENT	시술명 table2을 제외한 OR procedure	EXACT_PAGE	963	False
P663	AST_P663_N009	OR	STRUCTURAL_SOURCE_FRAGMENT	STRUCTURAL_AST_FRAGMENT	시술명 table4 or 주진단명 또는 기타진단명 table1	EXACT_PAGE	963	False
P664	AST_P664_N002	TEXT_CONDITION	LEAF_SOURCE_FRAGMENT	RAW_SOURCE_EVIDENCE	입원시 체중 2000 - 2499g	EXACT_PAGE	963	False
P664	AST_P664_N006	TEXT_CONDITION	REFERENCE_RAW_ATOM	RAW_SOURCE_EVIDENCE	OR procedure	EXACT_PAGE	963	False
P664	AST_P664_N007	TABLE_REF	REFERENCE_RAW_ATOM	RAW_SOURCE_EVIDENCE	시술명 table2	EXACT_PAGE	937	False
P664	AST_P664_N008	TEXT_CONDITION	LEAF_SOURCE_FRAGMENT	RAW_SOURCE_EVIDENCE	인공호흡 ≥96 hours	EXACT_PAGE	963	False
P664	AST_P664_N011	TABLE_REF	REFERENCE_RAW_ATOM	RAW_SOURCE_EVIDENCE	시술명 table3	EXACT_PAGE	962	False
P664	AST_P664_N012	TABLE_REF	REFERENCE_RAW_ATOM	RAW_SOURCE_EVIDENCE	시술명 table4	EXACT_PAGE	962	False
P664	AST_P664_N013	TEXT_CONDITION	LEAF_SOURCE_FRAGMENT	RAW_SOURCE_EVIDENCE	인공호흡 > 24 hours	EXACT_PAGE	963	False
P664	AST_P664_N014	TEXT_CONDITION	LEAF_SOURCE_FRAGMENT	RAW_SOURCE_EVIDENCE	주요 문제	EXACT_PAGE	963	False
P664	AST_P664_N015	TEXT_CONDITION	LEAF_SOURCE_FRAGMENT	RAW_SOURCE_EVIDENCE	다발성 주요 문제	EXACT_PAGE	963	False
P664	AST_P664_N016	TABLE_REF	REFERENCE_RAW_ATOM	RAW_SOURCE_EVIDENCE	주진단명 또는 기타진단명 table1	EXACT_PAGE	963	False
P664	AST_P664_N001	AND	STRUCTURAL_SOURCE_FRAGMENT	STRUCTURAL_AST_FRAGMENT	입원시 체중 2000 - 2499g and not(시술명 table2을 제외한 OR procedure or 인공호흡 ≥96 hours) and not(시술명 table3 or 시술명 table4 or 인공호흡 > 24 hours or 주요 문제 or 다발성 주요 문제 or 주진단명 또는 기타진단명 table1)	EXACT_PAGE	963	False
P664	AST_P664_N003	NOT	STRUCTURAL_SOURCE_FRAGMENT	STRUCTURAL_AST_FRAGMENT	not(시술명 table2을 제외한 OR procedure or 인공호흡 ≥96 hours)	EXACT_PAGE	963	False
P664	AST_P664_N004	OR	STRUCTURAL_SOURCE_FRAGMENT	STRUCTURAL_AST_FRAGMENT	시술명 table2을 제외한 OR procedure or 인공호흡 ≥96 hours	EXACT_PAGE	963	False
P664	AST_P664_N005	EXCLUSION	STRUCTURAL_SOURCE_FRAGMENT	STRUCTURAL_AST_FRAGMENT	시술명 table2을 제외한 OR procedure	EXACT_PAGE	963	False
P664	AST_P664_N009	NOT	STRUCTURAL_SOURCE_FRAGMENT	STRUCTURAL_AST_FRAGMENT	not(시술명 table3 or 시술명 table4 or 인공호흡 > 24 hours or 주요 문제 or 다발성 주요 문제 or 주진단명 또는 기타진단명 table1)	EXACT_PAGE	963	False
P664	AST_P664_N010	OR	STRUCTURAL_SOURCE_FRAGMENT	STRUCTURAL_AST_FRAGMENT	시술명 table3 or 시술명 table4 or 인공호흡 > 24 hours or 주요 문제 or 다발성 주요 문제 or 주진단명 또는 기타진단명 table1	EXACT_PAGE	963	False
P671	AST_P671_N002	TEXT_CONDITION	LEAF_SOURCE_FRAGMENT	RAW_SOURCE_EVIDENCE	입원시 체중 > 2499g	EXACT_PAGE	966	False
P671	AST_P671_N006	TEXT_CONDITION	REFERENCE_RAW_ATOM	RAW_SOURCE_EVIDENCE	OR procedure	EXACT_PAGE	966	False
P671	AST_P671_N007	TABLE_REF	REFERENCE_RAW_ATOM	RAW_SOURCE_EVIDENCE	시술명 table2	EXACT_PAGE	939	False
P671	AST_P671_N008	TEXT_CONDITION	LEAF_SOURCE_FRAGMENT	RAW_SOURCE_EVIDENCE	인공호흡 ≥96 hours	EXACT_PAGE	966	False
P671	AST_P671_N011	TABLE_REF	REFERENCE_RAW_ATOM	RAW_SOURCE_EVIDENCE	시술명 table3	EXACT_PAGE	965	False
P671	AST_P671_N012	TEXT_CONDITION	LEAF_SOURCE_FRAGMENT	RAW_SOURCE_EVIDENCE	인공호흡 > 24 hours	EXACT_PAGE	966	False
P671	AST_P671_N013	TEXT_CONDITION	LEAF_SOURCE_FRAGMENT	RAW_SOURCE_EVIDENCE	주요 문제	EXACT_PAGE	966	False
P671	AST_P671_N014	TEXT_CONDITION	LEAF_SOURCE_FRAGMENT	RAW_SOURCE_EVIDENCE	다발성 주요 문제	EXACT_PAGE	966	False
P671	AST_P671_N001	AND	STRUCTURAL_SOURCE_FRAGMENT	STRUCTURAL_AST_FRAGMENT	입원시 체중 > 2499g and not(시술명 table2을 제외한 OR procedure or 인공호흡 ≥96 hours) and ( (시술명 table3 or 인공호흡 > 24 hours or 주요 문제) and 다발성 주요 문제 )	NOT_FOUND		False
P671	AST_P671_N003	NOT	STRUCTURAL_SOURCE_FRAGMENT	STRUCTURAL_AST_FRAGMENT	not(시술명 table2을 제외한 OR procedure or 인공호흡 ≥96 hours)	EXACT_PAGE	966	False
P671	AST_P671_N004	OR	STRUCTURAL_SOURCE_FRAGMENT	STRUCTURAL_AST_FRAGMENT	시술명 table2을 제외한 OR procedure or 인공호흡 ≥96 hours	EXACT_PAGE	966	False
P671	AST_P671_N005	EXCLUSION	STRUCTURAL_SOURCE_FRAGMENT	STRUCTURAL_AST_FRAGMENT	시술명 table2을 제외한 OR procedure	EXACT_PAGE	966	False
P671	AST_P671_N009	AND	STRUCTURAL_SOURCE_FRAGMENT	STRUCTURAL_AST_FRAGMENT	(시술명 table3 or 인공호흡 > 24 hours or 주요 문제) and 다발성 주요 문제	EXACT_PAGE	966	False
P671	AST_P671_N010	OR	STRUCTURAL_SOURCE_FRAGMENT	STRUCTURAL_AST_FRAGMENT	시술명 table3 or 인공호흡 > 24 hours or 주요 문제	EXACT_PAGE	966	False
P672	AST_P672_N002	TEXT_CONDITION	LEAF_SOURCE_FRAGMENT	RAW_SOURCE_EVIDENCE	입원시 체중 > 2499g	EXACT_PAGE	966	False
P672	AST_P672_N006	TEXT_CONDITION	REFERENCE_RAW_ATOM	RAW_SOURCE_EVIDENCE	OR procedure	EXACT_PAGE	966	False
P672	AST_P672_N007	TABLE_REF	REFERENCE_RAW_ATOM	RAW_SOURCE_EVIDENCE	시술명 table2	EXACT_PAGE	939	False
P672	AST_P672_N008	TEXT_CONDITION	LEAF_SOURCE_FRAGMENT	RAW_SOURCE_EVIDENCE	인공호흡 ≥96 hours	EXACT_PAGE	966	False
P672	AST_P672_N010	TABLE_REF	REFERENCE_RAW_ATOM	RAW_SOURCE_EVIDENCE	시술명 table3	EXACT_PAGE	965	False
P672	AST_P672_N011	TEXT_CONDITION	LEAF_SOURCE_FRAGMENT	RAW_SOURCE_EVIDENCE	인공호흡 > 24 hours	EXACT_PAGE	966	False
P672	AST_P672_N012	TEXT_CONDITION	LEAF_SOURCE_FRAGMENT	RAW_SOURCE_EVIDENCE	주요 문제	EXACT_PAGE	966	False
P672	AST_P672_N001	AND	STRUCTURAL_SOURCE_FRAGMENT	STRUCTURAL_AST_FRAGMENT	입원시 체중 > 2499g and not(시술명 table2을 제외한 OR procedure or 인공호흡 ≥96 hours) and (시술명 table3 or 인공호흡 > 24 hours or 주요 문제)	EXACT_PAGE	966	False
P672	AST_P672_N003	NOT	STRUCTURAL_SOURCE_FRAGMENT	STRUCTURAL_AST_FRAGMENT	not(시술명 table2을 제외한 OR procedure or 인공호흡 ≥96 hours)	EXACT_PAGE	966	False
P672	AST_P672_N004	OR	STRUCTURAL_SOURCE_FRAGMENT	STRUCTURAL_AST_FRAGMENT	시술명 table2을 제외한 OR procedure or 인공호흡 ≥96 hours	EXACT_PAGE	966	False
P672	AST_P672_N005	EXCLUSION	STRUCTURAL_SOURCE_FRAGMENT	STRUCTURAL_AST_FRAGMENT	시술명 table2을 제외한 OR procedure	EXACT_PAGE	966	False
P672	AST_P672_N009	OR	STRUCTURAL_SOURCE_FRAGMENT	STRUCTURAL_AST_FRAGMENT	시술명 table3 or 인공호흡 > 24 hours or 주요 문제	EXACT_PAGE	966	False
P673	AST_P673_N002	TEXT_CONDITION	LEAF_SOURCE_FRAGMENT	RAW_SOURCE_EVIDENCE	입원시 체중 > 2499g	EXACT_PAGE	966	False
P673	AST_P673_N006	TEXT_CONDITION	REFERENCE_RAW_ATOM	RAW_SOURCE_EVIDENCE	OR procedure	EXACT_PAGE	966	False
P673	AST_P673_N007	TABLE_REF	REFERENCE_RAW_ATOM	RAW_SOURCE_EVIDENCE	시술명 table2	EXACT_PAGE	939	False
P673	AST_P673_N008	TEXT_CONDITION	LEAF_SOURCE_FRAGMENT	RAW_SOURCE_EVIDENCE	인공호흡 ≥96 hours	EXACT_PAGE	966	False
P673	AST_P673_N010	TABLE_REF	REFERENCE_RAW_ATOM	RAW_SOURCE_EVIDENCE	시술명 table4	EXACT_PAGE	965	False
P673	AST_P673_N011	TABLE_REF	REFERENCE_RAW_ATOM	RAW_SOURCE_EVIDENCE	주진단명 또는 기타진단명 table1	EXACT_PAGE	966	False
P673	AST_P673_N001	AND	STRUCTURAL_SOURCE_FRAGMENT	STRUCTURAL_AST_FRAGMENT	입원시 체중 > 2499g and not(시술명 table2을 제외한 OR procedure or 인공호흡 ≥96 hours) and (시술명 table4 or 주진단명 또는 기타진단명 table1)	EXACT_PAGE	966	False
P673	AST_P673_N003	NOT	STRUCTURAL_SOURCE_FRAGMENT	STRUCTURAL_AST_FRAGMENT	not(시술명 table2을 제외한 OR procedure or 인공호흡 ≥96 hours)	EXACT_PAGE	966	False
P673	AST_P673_N004	OR	STRUCTURAL_SOURCE_FRAGMENT	STRUCTURAL_AST_FRAGMENT	시술명 table2을 제외한 OR procedure or 인공호흡 ≥96 hours	EXACT_PAGE	966	False
P673	AST_P673_N005	EXCLUSION	STRUCTURAL_SOURCE_FRAGMENT	STRUCTURAL_AST_FRAGMENT	시술명 table2을 제외한 OR procedure	EXACT_PAGE	966	False
P673	AST_P673_N009	OR	STRUCTURAL_SOURCE_FRAGMENT	STRUCTURAL_AST_FRAGMENT	시술명 table4 or 주진단명 또는 기타진단명 table1	EXACT_PAGE	966	False
P674	AST_P674_N002	TEXT_CONDITION	LEAF_SOURCE_FRAGMENT	RAW_SOURCE_EVIDENCE	입원시 체중 > 2499g	EXACT_PAGE	966	False
P674	AST_P674_N006	TEXT_CONDITION	REFERENCE_RAW_ATOM	RAW_SOURCE_EVIDENCE	OR procedure	EXACT_PAGE	966	False
P674	AST_P674_N007	TABLE_REF	REFERENCE_RAW_ATOM	RAW_SOURCE_EVIDENCE	시술명 table2	EXACT_PAGE	939	False
P674	AST_P674_N008	TEXT_CONDITION	LEAF_SOURCE_FRAGMENT	RAW_SOURCE_EVIDENCE	인공호흡 ≥96 hours	EXACT_PAGE	966	False
P674	AST_P674_N011	TABLE_REF	REFERENCE_RAW_ATOM	RAW_SOURCE_EVIDENCE	시술명 table3	EXACT_PAGE	965	False
P674	AST_P674_N012	TABLE_REF	REFERENCE_RAW_ATOM	RAW_SOURCE_EVIDENCE	시술명 table4	EXACT_PAGE	965	False
P674	AST_P674_N013	TEXT_CONDITION	LEAF_SOURCE_FRAGMENT	RAW_SOURCE_EVIDENCE	인공호흡 > 24 hours	EXACT_PAGE	966	False
P674	AST_P674_N014	TEXT_CONDITION	LEAF_SOURCE_FRAGMENT	RAW_SOURCE_EVIDENCE	주요 문제	EXACT_PAGE	966	False
P674	AST_P674_N015	TEXT_CONDITION	LEAF_SOURCE_FRAGMENT	RAW_SOURCE_EVIDENCE	다발성 주요 문제	EXACT_PAGE	966	False
P674	AST_P674_N016	TABLE_REF	REFERENCE_RAW_ATOM	RAW_SOURCE_EVIDENCE	주진단명 또는 기타진단명 table1	EXACT_PAGE	966	False
P674	AST_P674_N001	AND	STRUCTURAL_SOURCE_FRAGMENT	STRUCTURAL_AST_FRAGMENT	입원시 체중 > 2499g and not(시술명 table2을 제외한 OR procedure or 인공호흡 ≥96 hours) and not(시술명 table3 or 시술명 table4 or 인공호흡 > 24 hours or 주요 문제 or 다발성 주요 문제 or 주진단명 또는 기타진단명 table1)	EXACT_PAGE	966	False
P674	AST_P674_N003	NOT	STRUCTURAL_SOURCE_FRAGMENT	STRUCTURAL_AST_FRAGMENT	not(시술명 table2을 제외한 OR procedure or 인공호흡 ≥96 hours)	EXACT_PAGE	966	False
P674	AST_P674_N004	OR	STRUCTURAL_SOURCE_FRAGMENT	STRUCTURAL_AST_FRAGMENT	시술명 table2을 제외한 OR procedure or 인공호흡 ≥96 hours	EXACT_PAGE	966	False
P674	AST_P674_N005	EXCLUSION	STRUCTURAL_SOURCE_FRAGMENT	STRUCTURAL_AST_FRAGMENT	시술명 table2을 제외한 OR procedure	EXACT_PAGE	966	False
P674	AST_P674_N009	NOT	STRUCTURAL_SOURCE_FRAGMENT	STRUCTURAL_AST_FRAGMENT	not(시술명 table3 or 시술명 table4 or 인공호흡 > 24 hours or 주요 문제 or 다발성 주요 문제 or 주진단명 또는 기타진단명 table1)	EXACT_PAGE	966	False
P674	AST_P674_N010	OR	STRUCTURAL_SOURCE_FRAGMENT	STRUCTURAL_AST_FRAGMENT	시술명 table3 or 시술명 table4 or 인공호흡 > 24 hours or 주요 문제 or 다발성 주요 문제 or 주진단명 또는 기타진단명 table1	EXACT_PAGE	966	False
Q011	AST_Q011_N002	TABLE_REF	REFERENCE_RAW_ATOM	RAW_SOURCE_EVIDENCE	시술명 table1	EXACT_PAGE	1020	False
Q011	AST_Q011_N003	TEXT_CONDITION	LEAF_SOURCE_FRAGMENT	RAW_SOURCE_EVIDENCE	연령 ≤18세	EXACT_PAGE	1020	False
Q011	AST_Q011_N001	AND	STRUCTURAL_SOURCE_FRAGMENT	STRUCTURAL_AST_FRAGMENT	시술명 table1 and 연령 ≤18세	EXACT_PAGE	1020	False
Q012	AST_Q012_N002	TABLE_REF	REFERENCE_RAW_ATOM	RAW_SOURCE_EVIDENCE	시술명 table1	EXACT_PAGE	1020	False
Q012	AST_Q012_N003	TEXT_CONDITION	LEAF_SOURCE_FRAGMENT	RAW_SOURCE_EVIDENCE	연령 >18세	EXACT_PAGE	1020	False
Q012	AST_Q012_N004	TABLE_REF	REFERENCE_RAW_ATOM	RAW_SOURCE_EVIDENCE	부가코드	EXACT_PAGE	1020	False
Q012	AST_Q012_N001	AND	STRUCTURAL_SOURCE_FRAGMENT	STRUCTURAL_AST_FRAGMENT	시술명 table1 and 연령 >18세 and 부가코드	EXACT_PAGE	1020	False
Q013	AST_Q013_N002	TABLE_REF	REFERENCE_RAW_ATOM	RAW_SOURCE_EVIDENCE	시술명 table1	EXACT_PAGE	1020	False
Q013	AST_Q013_N003	TEXT_CONDITION	LEAF_SOURCE_FRAGMENT	RAW_SOURCE_EVIDENCE	연령 >18세	EXACT_PAGE	1020	False
Q013	AST_Q013_N001	AND	STRUCTURAL_SOURCE_FRAGMENT	STRUCTURAL_AST_FRAGMENT	시술명 table1 and 연령 >18세	EXACT_PAGE	1020	False
Q020	AST_Q020_N002	TEXT_CONDITION	REFERENCE_RAW_ATOM	RAW_SOURCE_EVIDENCE	OR procedure	EXACT_PAGE	1020	False
Q020	AST_Q020_N003	TABLE_REF	REFERENCE_RAW_ATOM	RAW_SOURCE_EVIDENCE	시술명 table1	EXACT_PAGE	1020	False
Q020	AST_Q020_N001	EXCLUSION	STRUCTURAL_SOURCE_FRAGMENT	STRUCTURAL_AST_FRAGMENT	Q01의 시술명 table1을 제외한 OR procedure	EXACT_PAGE	1020	False
R010	AST_R010_N002	TABLE_REF	REFERENCE_RAW_ATOM	RAW_SOURCE_EVIDENCE	주진단명 table1	EXACT_PAGE	1032	False
R010	AST_R010_N003	TABLE_REF	REFERENCE_RAW_ATOM	RAW_SOURCE_EVIDENCE	시술명 table2	EXACT_PAGE	1032	False
R010	AST_R010_N001	AND	STRUCTURAL_SOURCE_FRAGMENT	STRUCTURAL_AST_FRAGMENT	주진단명 table1 and 시술명 table2	EXACT_PAGE	1032	False
R020	AST_R020_N003	TEXT_CONDITION	LEAF_SOURCE_FRAGMENT	RAW_SOURCE_EVIDENCE	MDC17의 주진단명	EXACT_PAGE	1042	False
R020	AST_R020_N004	TABLE_REF	REFERENCE_RAW_ATOM	RAW_SOURCE_EVIDENCE	주진단명 table1	EXACT_PAGE	1042	False
R020	AST_R020_N005	TABLE_REF	REFERENCE_RAW_ATOM	RAW_SOURCE_EVIDENCE	시술명 table1	EXACT_PAGE	1042	False
R020	AST_R020_N001	AND	STRUCTURAL_SOURCE_FRAGMENT	STRUCTURAL_AST_FRAGMENT	R01의 주진단명 table1을 제외한 MDC17의 주진단명 and 시술명 table1	EXACT_PAGE	1042	False
R020	AST_R020_N002	EXCLUSION	STRUCTURAL_SOURCE_FRAGMENT	STRUCTURAL_AST_FRAGMENT	R01의 주진단명 table1을 제외한 MDC17의 주진단명	EXACT_PAGE	1042	False
R030	AST_R030_N002	TABLE_REF	REFERENCE_RAW_ATOM	RAW_SOURCE_EVIDENCE	주진단명 table1	EXACT_PAGE	1051	False
R030	AST_R030_N004	TEXT_CONDITION	REFERENCE_RAW_ATOM	RAW_SOURCE_EVIDENCE	OR procedure	EXACT_PAGE	1051	False
R030	AST_R030_N005	TABLE_REF	REFERENCE_RAW_ATOM	RAW_SOURCE_EVIDENCE	시술명 table2	EXACT_PAGE	1051	False
R030	AST_R030_N001	AND	STRUCTURAL_SOURCE_FRAGMENT	STRUCTURAL_AST_FRAGMENT	주진단명 table1 and R01의 시술명 table2를 제외한 OR procedure	EXACT_PAGE	1051	False
R030	AST_R030_N003	EXCLUSION	STRUCTURAL_SOURCE_FRAGMENT	STRUCTURAL_AST_FRAGMENT	R01의 시술명 table2를 제외한 OR procedure	EXACT_PAGE	1051	False
R040	AST_R040_N003	TEXT_CONDITION	LEAF_SOURCE_FRAGMENT	RAW_SOURCE_EVIDENCE	MDC17의 주진단명	EXACT_PAGE	1052	False
R040	AST_R040_N004	TABLE_REF	REFERENCE_RAW_ATOM	RAW_SOURCE_EVIDENCE	주진단명 table1	EXACT_PAGE	1051	False
R040	AST_R040_N006	TEXT_CONDITION	REFERENCE_RAW_ATOM	RAW_SOURCE_EVIDENCE	OR procedure	EXACT_PAGE	1051	False
R040	AST_R040_N007	TABLE_REF	REFERENCE_RAW_ATOM	RAW_SOURCE_EVIDENCE	시술명 table1	EXACT_PAGE	1052	False
R040	AST_R040_N001	AND	STRUCTURAL_SOURCE_FRAGMENT	STRUCTURAL_AST_FRAGMENT	R03의 주진단명 table1을 제외한 MDC17의 주진단명 and R02의 시술명 table1을 제외한 OR procedure	EXACT_PAGE	1052	False
R040	AST_R040_N002	EXCLUSION	STRUCTURAL_SOURCE_FRAGMENT	STRUCTURAL_AST_FRAGMENT	R03의 주진단명 table1을 제외한 MDC17의 주진단명	EXACT_PAGE	1052	False
R040	AST_R040_N005	EXCLUSION	STRUCTURAL_SOURCE_FRAGMENT	STRUCTURAL_AST_FRAGMENT	R02의 시술명 table1을 제외한 OR procedure	EXACT_PAGE	1052	False
R601	AST_R601_N002	TABLE_REF	REFERENCE_RAW_ATOM	RAW_SOURCE_EVIDENCE	주진단명 table1	EXACT_PAGE	1051	False
R601	AST_R601_N003	TABLE_REF	REFERENCE_RAW_ATOM	RAW_SOURCE_EVIDENCE	시술명 table2	EXACT_PAGE	1051	False
R601	AST_R601_N001	AND	STRUCTURAL_SOURCE_FRAGMENT	STRUCTURAL_AST_FRAGMENT	주진단명 table1 and 시술명 table2	EXACT_PAGE	1052	False
R634	AST_R634_N002	TABLE_REF	REFERENCE_RAW_ATOM	RAW_SOURCE_EVIDENCE	주진단명 table1	EXACT_PAGE	1052	False
R634	AST_R634_N003	TABLE_REF	REFERENCE_RAW_ATOM	RAW_SOURCE_EVIDENCE	기타진단명 table2	EXACT_PAGE	1054	False
R634	AST_R634_N005	TABLE_REF	REFERENCE_RAW_ATOM	RAW_SOURCE_EVIDENCE	시술명 table3	EXACT_PAGE	1054	False
R634	AST_R634_N006	TABLE_REF	REFERENCE_RAW_ATOM	RAW_SOURCE_EVIDENCE	부가코드	EXACT_PAGE	1054	False
R634	AST_R634_N001	AND	STRUCTURAL_SOURCE_FRAGMENT	STRUCTURAL_AST_FRAGMENT	주진단명 table1 and 기타진단명 table2 and (시술명 table3 or 부가코드)	EXACT_PAGE	1054	False
R634	AST_R634_N004	OR	STRUCTURAL_SOURCE_FRAGMENT	STRUCTURAL_AST_FRAGMENT	시술명 table3 or 부가코드	EXACT_PAGE	1054	False
R635	AST_R635_N002	TABLE_REF	REFERENCE_RAW_ATOM	RAW_SOURCE_EVIDENCE	주진단명 table1	EXACT_PAGE	1053	False
R635	AST_R635_N005	TABLE_REF	REFERENCE_RAW_ATOM	RAW_SOURCE_EVIDENCE	시술명 table3	EXACT_PAGE	1054	False
R635	AST_R635_N006	TABLE_REF	REFERENCE_RAW_ATOM	RAW_SOURCE_EVIDENCE	부가코드	EXACT_PAGE	1054	False
R635	AST_R635_N008	TABLE_REF	REFERENCE_RAW_ATOM	RAW_SOURCE_EVIDENCE	기타진단명 table2	EXACT_PAGE	1054	False
R635	AST_R635_N009	TEXT_CONDITION	LEAF_SOURCE_FRAGMENT	RAW_SOURCE_EVIDENCE	재원기간=1	EXACT_PAGE	1055	False
R635	AST_R635_N001	AND	STRUCTURAL_SOURCE_FRAGMENT	STRUCTURAL_AST_FRAGMENT	주진단명 table1 and (시술명 table3 or 부가코드) without (기타진단명 table2 and 재원기간=1)	EXACT_PAGE	1055	False
R635	AST_R635_N003	EXCLUSION	STRUCTURAL_SOURCE_FRAGMENT	STRUCTURAL_AST_FRAGMENT	(시술명 table3 or 부가코드) without (기타진단명 table2 and 재원기간=1)	EXACT_PAGE	1055	False
R635	AST_R635_N004	OR	STRUCTURAL_SOURCE_FRAGMENT	STRUCTURAL_AST_FRAGMENT	시술명 table3 or 부가코드	EXACT_PAGE	1054	False
R635	AST_R635_N007	AND	STRUCTURAL_SOURCE_FRAGMENT	STRUCTURAL_AST_FRAGMENT	기타진단명 table2 and 재원기간=1	EXACT_PAGE	1055	False
R636	AST_R636_N002	TABLE_REF	REFERENCE_RAW_ATOM	RAW_SOURCE_EVIDENCE	주진단명 table1	EXACT_PAGE	1053	False
R636	AST_R636_N003	TEXT_CONDITION	LEAF_SOURCE_FRAGMENT	RAW_SOURCE_EVIDENCE	재원기간=1	EXACT_PAGE	1055	False
R636	AST_R636_N006	TABLE_REF	REFERENCE_RAW_ATOM	RAW_SOURCE_EVIDENCE	시술명 table3	EXACT_PAGE	1054	False
R636	AST_R636_N007	TABLE_REF	REFERENCE_RAW_ATOM	RAW_SOURCE_EVIDENCE	부가코드	EXACT_PAGE	1054	False
R636	AST_R636_N008	TABLE_REF	REFERENCE_RAW_ATOM	RAW_SOURCE_EVIDENCE	기타진단명 table2	EXACT_PAGE	1054	False
R636	AST_R636_N001	AND	STRUCTURAL_SOURCE_FRAGMENT	STRUCTURAL_AST_FRAGMENT	주진단명 table1 and 재원기간=1 and (시술명 table3 or 부가코드) without 기타진단명 table2	EXACT_PAGE	1055	False
R636	AST_R636_N004	EXCLUSION	STRUCTURAL_SOURCE_FRAGMENT	STRUCTURAL_AST_FRAGMENT	(시술명 table3 or 부가코드) without 기타진단명 table2	EXACT_PAGE	1055	False
R636	AST_R636_N005	OR	STRUCTURAL_SOURCE_FRAGMENT	STRUCTURAL_AST_FRAGMENT	시술명 table3 or 부가코드	EXACT_PAGE	1054	False
R637	AST_R637_N002	TABLE_REF	REFERENCE_RAW_ATOM	RAW_SOURCE_EVIDENCE	주진단명 table1	EXACT_PAGE	1053	False
R637	AST_R637_N005	TABLE_REF	REFERENCE_RAW_ATOM	RAW_SOURCE_EVIDENCE	주진단명 table1	EXACT_PAGE	1053	False
R637	AST_R637_N006	TABLE_REF	REFERENCE_RAW_ATOM	RAW_SOURCE_EVIDENCE	기타진단명 table2	EXACT_PAGE	1054	False
R637	AST_R637_N008	TABLE_REF	REFERENCE_RAW_ATOM	RAW_SOURCE_EVIDENCE	시술명 table3	EXACT_PAGE	1054	False
R637	AST_R637_N009	TABLE_REF	REFERENCE_RAW_ATOM	RAW_SOURCE_EVIDENCE	부가코드	EXACT_PAGE	1054	False
R637	AST_R637_N001	OR	STRUCTURAL_SOURCE_FRAGMENT	STRUCTURAL_AST_FRAGMENT	주진단명 table1 or (주진단명 table1 and 기타진단명 table2) without (시술명 table3 and 부가코드)	EXACT_PAGE	1055	False
R637	AST_R637_N003	EXCLUSION	STRUCTURAL_SOURCE_FRAGMENT	STRUCTURAL_AST_FRAGMENT	(주진단명 table1 and 기타진단명 table2) without (시술명 table3 and 부가코드)	EXACT_PAGE	1055	False
R637	AST_R637_N004	AND	STRUCTURAL_SOURCE_FRAGMENT	STRUCTURAL_AST_FRAGMENT	주진단명 table1 and 기타진단명 table2	EXACT_PAGE	1054	False
R637	AST_R637_N007	AND	STRUCTURAL_SOURCE_FRAGMENT	STRUCTURAL_AST_FRAGMENT	시술명 table3 and 부가코드	EXACT_PAGE	1055	False
R660	AST_R660_N002	TABLE_REF	REFERENCE_RAW_ATOM	RAW_SOURCE_EVIDENCE	주진단명 table1	EXACT_PAGE	1032	False
R660	AST_R660_N003	TABLE_REF	REFERENCE_RAW_ATOM	RAW_SOURCE_EVIDENCE	시술명 table2	EXACT_PAGE	1032	False
R660	AST_R660_N001	AND	STRUCTURAL_SOURCE_FRAGMENT	STRUCTURAL_AST_FRAGMENT	주진단명 table1 and 시술명 table2	EXACT_PAGE	1032	False
R671	AST_R671_N002	TABLE_REF	REFERENCE_RAW_ATOM	RAW_SOURCE_EVIDENCE	주진단명 table1	EXACT_PAGE	1032	False
R671	AST_R671_N003	TABLE_REF	REFERENCE_RAW_ATOM	RAW_SOURCE_EVIDENCE	시술명 table2	EXACT_PAGE	1032	False
R671	AST_R671_N001	AND	STRUCTURAL_SOURCE_FRAGMENT	STRUCTURAL_AST_FRAGMENT	주진단명 table1 and 시술명 table2	EXACT_PAGE	1032	False
R672	AST_R672_N002	TABLE_REF	REFERENCE_RAW_ATOM	RAW_SOURCE_EVIDENCE	주진단명 table1	EXACT_PAGE	1032	False
R672	AST_R672_N003	TABLE_REF	REFERENCE_RAW_ATOM	RAW_SOURCE_EVIDENCE	시술명 table2	EXACT_PAGE	1032	False
R672	AST_R672_N001	EXCLUSION	STRUCTURAL_SOURCE_FRAGMENT	STRUCTURAL_AST_FRAGMENT	주진단명 table1 without 시술명 table2	EXACT_PAGE	1057	False
T011	AST_T011_N003	TABLE_REF	REFERENCE_RAW_ATOM	RAW_SOURCE_EVIDENCE	주진단명 table1	EXACT_PAGE	1092	False
T011	AST_T011_N005	TABLE_REF	REFERENCE_RAW_ATOM	RAW_SOURCE_EVIDENCE	주진단명 table2	EXACT_PAGE	1092	False
T011	AST_T011_N006	TABLE_REF	REFERENCE_RAW_ATOM	RAW_SOURCE_EVIDENCE	기타진단명 table3	EXACT_PAGE	1092	False
T011	AST_T011_N007	TEXT_CONDITION	REFERENCE_RAW_ATOM	RAW_SOURCE_EVIDENCE	OR procedure	EXACT_PAGE	1092	False
T011	AST_T011_N001	AND	STRUCTURAL_SOURCE_FRAGMENT	STRUCTURAL_AST_FRAGMENT	(주진단명 table1 or (주진단명 table2 and 기타진단명 table3)) and OR procedure	NOT_FOUND		False
T011	AST_T011_N002	OR	STRUCTURAL_SOURCE_FRAGMENT	STRUCTURAL_AST_FRAGMENT	주진단명 table1 or (주진단명 table2 and 기타진단명 table3)	EXACT_PAGE	1092	False
T011	AST_T011_N004	AND	STRUCTURAL_SOURCE_FRAGMENT	STRUCTURAL_AST_FRAGMENT	주진단명 table2 and 기타진단명 table3	EXACT_PAGE	1092	False
T012	AST_T012_N002	TABLE_REF	REFERENCE_RAW_ATOM	RAW_SOURCE_EVIDENCE	주진단명 table2	EXACT_PAGE	1092	False
T012	AST_T012_N003	TEXT_CONDITION	REFERENCE_RAW_ATOM	RAW_SOURCE_EVIDENCE	OR procedure	EXACT_PAGE	1092	False
T012	AST_T012_N001	AND	STRUCTURAL_SOURCE_FRAGMENT	STRUCTURAL_AST_FRAGMENT	주진단명 table2 and OR procedure	EXACT_PAGE	1092	False
T013	AST_T013_N002	TABLE_REF	REFERENCE_RAW_ATOM	RAW_SOURCE_EVIDENCE	주진단명 table1	EXACT_PAGE	1092	False
T013	AST_T013_N003	TEXT_CONDITION	REFERENCE_RAW_ATOM	RAW_SOURCE_EVIDENCE	OR procedure	EXACT_PAGE	1092	False
T013	AST_T013_N001	AND	STRUCTURAL_SOURCE_FRAGMENT	STRUCTURAL_AST_FRAGMENT	주진단명 table1 and OR procedure	EXACT_PAGE	1093	False
T014	AST_T014_N002	TABLE_REF	REFERENCE_RAW_ATOM	RAW_SOURCE_EVIDENCE	주진단명 table1	EXACT_PAGE	1092	False
T014	AST_T014_N003	TEXT_CONDITION	REFERENCE_RAW_ATOM	RAW_SOURCE_EVIDENCE	OR procedure	EXACT_PAGE	1092	False
T014	AST_T014_N001	AND	STRUCTURAL_SOURCE_FRAGMENT	STRUCTURAL_AST_FRAGMENT	주진단명 table1 and OR procedure	EXACT_PAGE	1093	False
T015	AST_T015_N002	TABLE_REF	REFERENCE_RAW_ATOM	RAW_SOURCE_EVIDENCE	주진단명 table1	EXACT_PAGE	1092	False
T015	AST_T015_N003	TEXT_CONDITION	REFERENCE_RAW_ATOM	RAW_SOURCE_EVIDENCE	OR procedure	EXACT_PAGE	1092	False
T015	AST_T015_N001	AND	STRUCTURAL_SOURCE_FRAGMENT	STRUCTURAL_AST_FRAGMENT	주진단명 table1 and OR procedure	EXACT_PAGE	1093	False
T601	AST_T601_N002	TABLE_REF	REFERENCE_RAW_ATOM	RAW_SOURCE_EVIDENCE	주진단명 table1	EXACT_PAGE	1097	False
T601	AST_T601_N004	TABLE_REF	REFERENCE_RAW_ATOM	RAW_SOURCE_EVIDENCE	주진단명 table2	EXACT_PAGE	1097	False
T601	AST_T601_N005	TABLE_REF	REFERENCE_RAW_ATOM	RAW_SOURCE_EVIDENCE	기타진단명 table3	EXACT_PAGE	1071	False
T601	AST_T601_N001	OR	STRUCTURAL_SOURCE_FRAGMENT	STRUCTURAL_AST_FRAGMENT	주진단명 table1 or (주진단명 table2 and 기타진단명 table3)	EXACT_PAGE	1097	False
T601	AST_T601_N003	AND	STRUCTURAL_SOURCE_FRAGMENT	STRUCTURAL_AST_FRAGMENT	주진단명 table2 and 기타진단명 table3	EXACT_PAGE	1097	False
U010	AST_U010_N001	TEXT_CONDITION	REFERENCE_RAW_ATOM	RAW_SOURCE_EVIDENCE	OR procedure	EXACT_PAGE	1114	False
V620	AST_V620_N002	TABLE_REF	REFERENCE_RAW_ATOM	RAW_SOURCE_EVIDENCE	주진단명 table1	EXACT_PAGE	1127	False
V620	AST_V620_N003	TABLE_REF	REFERENCE_RAW_ATOM	RAW_SOURCE_EVIDENCE	시술명 table2	EXACT_PAGE	1127	False
V620	AST_V620_N001	AND	STRUCTURAL_SOURCE_FRAGMENT	STRUCTURAL_AST_FRAGMENT	주진단명 table1 and 시술명 table2	EXACT_PAGE	1127	False
V630	AST_V630_N002	TABLE_REF	REFERENCE_RAW_ATOM	RAW_SOURCE_EVIDENCE	주진단명 table1	EXACT_PAGE	1127	False
V630	AST_V630_N003	TABLE_REF	REFERENCE_RAW_ATOM	RAW_SOURCE_EVIDENCE	시술명 table1	EXACT_PAGE	1128	False
V630	AST_V630_N001	AND	STRUCTURAL_SOURCE_FRAGMENT	STRUCTURAL_AST_FRAGMENT	V62의 주진단명 table1 and 시술명 table1	EXACT_PAGE	1128	False
W050	AST_W050_N002	TABLE_REF	REFERENCE_RAW_ATOM	RAW_SOURCE_EVIDENCE	주진단명 또는 기타진단명 table1	EXACT_PAGE	1176	False
W050	AST_W050_N003	TABLE_REF	REFERENCE_RAW_ATOM	RAW_SOURCE_EVIDENCE	시술명 table2	EXACT_PAGE	1176	False
W050	AST_W050_N001	AND	STRUCTURAL_SOURCE_FRAGMENT	STRUCTURAL_AST_FRAGMENT	주진단명 또는 기타진단명 table1 and 시술명 table2	EXACT_PAGE	1176	False
W600	AST_W600_N002	TEXT_CONDITION	LEAF_SOURCE_FRAGMENT	RAW_SOURCE_EVIDENCE	재원기간 < 5일	EXACT_PAGE	1176	False
W600	AST_W600_N003	TEXT_CONDITION	LEAF_SOURCE_FRAGMENT	RAW_SOURCE_EVIDENCE	퇴원유형 = 다른 의료기관으로 이송	EXACT_PAGE	1176	False
W600	AST_W600_N001	AND	STRUCTURAL_SOURCE_FRAGMENT	STRUCTURAL_AST_FRAGMENT	재원기간 < 5일 and (퇴원유형 = 다른 의료기관으로 이송)	EXACT_PAGE	1176	False
X011	AST_X011_N002	TABLE_REF	REFERENCE_RAW_ATOM	RAW_SOURCE_EVIDENCE	주진단명 table1	EXACT_PAGE	1189	False
X011	AST_X011_N003	TABLE_REF	REFERENCE_RAW_ATOM	RAW_SOURCE_EVIDENCE	시술명 table2	EXACT_PAGE	1189	False
X011	AST_X011_N001	AND	STRUCTURAL_SOURCE_FRAGMENT	STRUCTURAL_AST_FRAGMENT	주진단명 table1 and 시술명 table2	EXACT_PAGE	1189	False
X012	AST_X012_N002	TABLE_REF	REFERENCE_RAW_ATOM	RAW_SOURCE_EVIDENCE	주진단명 table1	EXACT_PAGE	1189	False
X012	AST_X012_N003	TABLE_REF	REFERENCE_RAW_ATOM	RAW_SOURCE_EVIDENCE	시술명 table3	EXACT_PAGE	1189	False
X012	AST_X012_N001	AND	STRUCTURAL_SOURCE_FRAGMENT	STRUCTURAL_AST_FRAGMENT	주진단명 table1 and 시술명 table3	EXACT_PAGE	1189	False
X021	AST_X021_N002	TABLE_REF	REFERENCE_RAW_ATOM	RAW_SOURCE_EVIDENCE	주진단명 table1	EXACT_PAGE	1189	False
X021	AST_X021_N003	TABLE_REF	REFERENCE_RAW_ATOM	RAW_SOURCE_EVIDENCE	시술명 table2	EXACT_PAGE	1189	False
X021	AST_X021_N001	AND	STRUCTURAL_SOURCE_FRAGMENT	STRUCTURAL_AST_FRAGMENT	주진단명 table1 and 시술명 table2	EXACT_PAGE	1189	False
X022	AST_X022_N002	TABLE_REF	REFERENCE_RAW_ATOM	RAW_SOURCE_EVIDENCE	주진단명 table1	EXACT_PAGE	1189	False
X022	AST_X022_N003	TABLE_REF	REFERENCE_RAW_ATOM	RAW_SOURCE_EVIDENCE	시술명 table3	EXACT_PAGE	1189	False
X022	AST_X022_N001	AND	STRUCTURAL_SOURCE_FRAGMENT	STRUCTURAL_AST_FRAGMENT	주진단명 table1 and 시술명 table3	EXACT_PAGE	1189	False
X041	AST_X041_N003	TABLE_REF	REFERENCE_RAW_ATOM	RAW_SOURCE_EVIDENCE	주진단명 table1	EXACT_PAGE	1195	False
X041	AST_X041_N004	TABLE_REF	REFERENCE_RAW_ATOM	RAW_SOURCE_EVIDENCE	시술명 table2	EXACT_PAGE	1196	False
X041	AST_X041_N005	TABLE_REF	REFERENCE_RAW_ATOM	RAW_SOURCE_EVIDENCE	시술명 table3	EXACT_PAGE	1196	False
X041	AST_X041_N001	OR	STRUCTURAL_SOURCE_FRAGMENT	STRUCTURAL_AST_FRAGMENT	(주진단명 table1 and 시술명 table2) or 시술명 table3	EXACT_PAGE	1196	False
X041	AST_X041_N002	AND	STRUCTURAL_SOURCE_FRAGMENT	STRUCTURAL_AST_FRAGMENT	주진단명 table1 and 시술명 table2	EXACT_PAGE	1196	False
X042	AST_X042_N003	TABLE_REF	REFERENCE_RAW_ATOM	RAW_SOURCE_EVIDENCE	주진단명 table1	EXACT_PAGE	1199	False
X042	AST_X042_N004	TABLE_REF	REFERENCE_RAW_ATOM	RAW_SOURCE_EVIDENCE	시술명 table4	EXACT_PAGE	1199	False
X042	AST_X042_N005	TABLE_REF	REFERENCE_RAW_ATOM	RAW_SOURCE_EVIDENCE	시술명 table5	EXACT_PAGE	1199	False
X042	AST_X042_N001	OR	STRUCTURAL_SOURCE_FRAGMENT	STRUCTURAL_AST_FRAGMENT	(주진단명 table1 and 시술명 table4) or 시술명 table5	EXACT_PAGE	1199	False
X042	AST_X042_N002	AND	STRUCTURAL_SOURCE_FRAGMENT	STRUCTURAL_AST_FRAGMENT	주진단명 table1 and 시술명 table4	EXACT_PAGE	1199	False
X051	AST_X051_N002	TABLE_REF	REFERENCE_RAW_ATOM	RAW_SOURCE_EVIDENCE	주진단명 table1	EXACT_PAGE	1199	False
X051	AST_X051_N003	TABLE_REF	REFERENCE_RAW_ATOM	RAW_SOURCE_EVIDENCE	시술명 table2	EXACT_PAGE	1176	False
X051	AST_X051_N001	AND	STRUCTURAL_SOURCE_FRAGMENT	STRUCTURAL_AST_FRAGMENT	주진단명 table1 and 시술명 table2	EXACT_PAGE	1201	False
X052	AST_X052_N002	TABLE_REF	REFERENCE_RAW_ATOM	RAW_SOURCE_EVIDENCE	주진단명 table1	EXACT_PAGE	1199	False
X052	AST_X052_N003	TABLE_REF	REFERENCE_RAW_ATOM	RAW_SOURCE_EVIDENCE	시술명 table3	EXACT_PAGE	1201	False
X052	AST_X052_N001	AND	STRUCTURAL_SOURCE_FRAGMENT	STRUCTURAL_AST_FRAGMENT	주진단명 table1 and 시술명 table3	EXACT_PAGE	1201	False
Y010	AST_Y010_N002	TABLE_REF	REFERENCE_RAW_ATOM	RAW_SOURCE_EVIDENCE	주진단명 또는 기타진단명 table1	EXACT_PAGE	1246	False
Y010	AST_Y010_N003	TABLE_REF	REFERENCE_RAW_ATOM	RAW_SOURCE_EVIDENCE	시술명 table2	EXACT_PAGE	1246	False
Y010	AST_Y010_N001	AND	STRUCTURAL_SOURCE_FRAGMENT	STRUCTURAL_AST_FRAGMENT	주진단명 또는 기타진단명 table1 and 시술명 table2	EXACT_PAGE	1246	False
Y020	AST_Y020_N002	TABLE_REF	REFERENCE_RAW_ATOM	RAW_SOURCE_EVIDENCE	주진단명 또는 기타진단명 table1	EXACT_PAGE	1246	False
Y020	AST_Y020_N004	TABLE_REF	REFERENCE_RAW_ATOM	RAW_SOURCE_EVIDENCE	기타진단명 table2	EXACT_PAGE	1247	False
Y020	AST_Y020_N005	TABLE_REF	REFERENCE_RAW_ATOM	RAW_SOURCE_EVIDENCE	시술명 table3	EXACT_PAGE	1247	False
Y020	AST_Y020_N001	AND	STRUCTURAL_SOURCE_FRAGMENT	STRUCTURAL_AST_FRAGMENT	주진단명 또는 기타진단명 table1 and (기타진단명 table2 or 시술명 table3)	EXACT_PAGE	1247	False
Y020	AST_Y020_N003	OR	STRUCTURAL_SOURCE_FRAGMENT	STRUCTURAL_AST_FRAGMENT	기타진단명 table2 or 시술명 table3	EXACT_PAGE	1247	False
Y030	AST_Y030_N002	TABLE_REF	REFERENCE_RAW_ATOM	RAW_SOURCE_EVIDENCE	주진단명 table1	EXACT_PAGE	1250	False
Y030	AST_Y030_N003	TABLE_REF	REFERENCE_RAW_ATOM	RAW_SOURCE_EVIDENCE	시술명 table2	EXACT_PAGE	1250	False
Y030	AST_Y030_N001	AND	STRUCTURAL_SOURCE_FRAGMENT	STRUCTURAL_AST_FRAGMENT	주진단명 table1 and 시술명 table2	EXACT_PAGE	1250	False
Z010	AST_Z010_N001	TEXT_CONDITION	REFERENCE_RAW_ATOM	RAW_SOURCE_EVIDENCE	OR procedure	EXACT_PAGE	1270	False
